"","GEOID","total","over_200","percent"
"1","06037101110",1638,50,3.05250305250305
"2","06037101122",1231,115,9.34199837530463
"3","06037101210",2200,12,0.545454545454546
"4","06037101220",1219,0,0
"5","06037101300",1535,106,6.90553745928339
"6","06037101400",1476,54,3.65853658536585
"7","06037102103",656,47,7.16463414634146
"8","06037102104",1338,136,10.1644245142003
"9","06037102105",572,0,0
"10","06037102107",1259,45,3.57426528991263
"11","06037103101",908,23,2.53303964757709
"12","06037103102",1617,71,4.39084724799011
"13","06037103200",2235,121,5.41387024608501
"14","06037103300",1284,203,15.809968847352
"15","06037103400",2466,96,3.89294403892944
"16","06037104103",736,0,0
"17","06037104105",1381,10,0.724112961622013
"18","06037104108",1320,0,0
"19","06037104124",1120,7,0.625
"20","06037104201",885,0,0
"21","06037104203",960,0,0
"22","06037104204",685,42,6.13138686131387
"23","06037104310",840,27,3.21428571428571
"24","06037104320",1120,0,0
"25","06037104401",592,10,1.68918918918919
"26","06037104403",592,0,0
"27","06037104404",628,0,0
"28","06037104500",678,0,0
"29","06037104610",703,0,0
"30","06037104620",739,10,1.3531799729364
"31","06037104701",878,0,0
"32","06037104703",484,0,0
"33","06037104704",1078,45,4.17439703153989
"34","06037104810",1045,0,0
"35","06037104821",724,0,0
"36","06037104822",524,0,0
"37","06037106010",851,38,4.46533490011751
"38","06037106020",1224,58,4.73856209150327
"39","06037106111",1415,43,3.03886925795053
"40","06037106112",1483,47,3.16925151719487
"41","06037106113",907,13,1.43329658213892
"42","06037106114",1527,10,0.654878847413229
"43","06037106403",702,0,0
"44","06037106405",996,0,0
"45","06037106406",1439,16,1.11188325225851
"46","06037106407",764,0,0
"47","06037106408",980,0,0
"48","06037106510",1445,83,5.7439446366782
"49","06037106520",1316,24,1.82370820668693
"50","06037106603",1016,124,12.2047244094488
"51","06037106604",1100,0,0
"52","06037106641",751,91,12.1171770972037
"53","06037106642",1075,62,5.76744186046512
"54","06037106643",1340,219,16.3432835820896
"55","06037106645",1145,165,14.410480349345
"56","06037106646",951,74,7.78128286014721
"57","06037106648",915,0,0
"58","06037106649",688,81,11.7732558139535
"59","06037107010",741,10,1.34952766531714
"60","06037107020",1273,7,0.549882168106834
"61","06037108101",813,143,17.5891758917589
"62","06037108102",1243,151,12.1480289621883
"63","06037108103",1094,276,25.2285191956124
"64","06037108104",600,126,21
"65","06037108201",1933,265,13.7092602172788
"66","06037108202",1834,382,20.8287895310796
"67","06037109100",716,0,0
"68","06037109200",901,0,0
"69","06037109300",876,28,3.19634703196347
"70","06037109400",1071,36,3.36134453781513
"71","06037109500",1051,19,1.80780209324453
"72","06037109601",1279,41,3.20562939796716
"73","06037109603",1310,21,1.6030534351145
"74","06037109604",937,20,2.13447171824973
"75","06037109700",1306,53,4.05819295558959
"76","06037109800",1351,103,7.6239822353812
"77","06037111100",972,68,6.99588477366255
"78","06037111201",1085,57,5.25345622119816
"79","06037111202",1808,156,8.6283185840708
"80","06037111204",1951,475,24.3464889800102
"81","06037111205",1349,114,8.45070422535211
"82","06037111206",1460,236,16.1643835616438
"83","06037111301",2652,54,2.03619909502262
"84","06037111302",1740,83,4.77011494252874
"85","06037111400",2707,66,2.43812338381973
"86","06037113101",1152,154,13.3680555555556
"87","06037113102",943,182,19.3001060445387
"88","06037113211",1531,240,15.676028739386
"89","06037113212",1062,35,3.29566854990584
"90","06037113213",1675,98,5.85074626865672
"91","06037113231",823,132,16.0388821385176
"92","06037113232",1387,61,4.39798125450613
"93","06037113233",2236,20,0.894454382826476
"94","06037113234",1467,53,3.61281526925699
"95","06037113235",664,4,0.602409638554217
"96","06037113237",1339,148,11.0530246452577
"97","06037113301",730,170,23.2876712328767
"98","06037113303",1360,99,7.27941176470588
"99","06037113321",2386,110,4.61022632020117
"100","06037113322",1373,177,12.8914785142025
"101","06037113401",1692,40,2.36406619385343
"102","06037113421",1898,0,0
"103","06037113422",2068,20,0.967117988394584
"104","06037115101",1678,365,21.7520858164482
"105","06037115103",70,0,0
"106","06037115104",1648,122,7.40291262135922
"107","06037115201",2778,98,3.52771778257739
"108","06037115202",1822,64,3.51262349066959
"109","06037115301",1633,90,5.51132884262094
"110","06037115302",989,24,2.42669362992922
"111","06037115401",1986,118,5.94159113796576
"112","06037115403",1043,6,0.575263662511985
"113","06037115404",782,18,2.30179028132992
"114","06037117101",1256,66,5.25477707006369
"115","06037117102",808,18,2.22772277227723
"116","06037117201",1144,8,0.699300699300699
"117","06037117202",641,55,8.58034321372855
"118","06037117301",1211,54,4.45912469033856
"119","06037117302",1673,104,6.21637776449492
"120","06037117303",1055,51,4.83412322274881
"121","06037117404",1296,66,5.09259259259259
"122","06037117405",791,0,0
"123","06037117407",821,0,0
"124","06037117408",905,0,0
"125","06037117510",1022,0,0
"126","06037117520",862,27,3.1322505800464
"127","06037117530",1514,55,3.6327608982827
"128","06037119001",943,24,2.54506892895016
"129","06037119002",1414,28,1.98019801980198
"130","06037119201",864,0,0
"131","06037119202",937,0,0
"132","06037119310",1030,16,1.55339805825243
"133","06037119320",1031,8,0.775945683802134
"134","06037119340",936,0,0
"135","06037119341",740,5,0.675675675675676
"136","06037119342",776,0,0
"137","06037119400",1088,13,1.19485294117647
"138","06037119700",1238,22,1.77705977382876
"139","06037119800",1329,13,0.978179082016554
"140","06037119900",1208,0,0
"141","06037120010",673,0,0
"142","06037120020",1105,16,1.44796380090498
"143","06037120030",655,0,0
"144","06037120103",845,0,0
"145","06037120104",783,0,0
"146","06037120105",883,16,1.81200453001133
"147","06037120106",1154,13,1.1265164644714
"148","06037120107",1004,0,0
"149","06037120108",1217,0,0
"150","06037120300",1403,0,0
"151","06037120400",1972,8,0.405679513184584
"152","06037121010",1249,58,4.64371497197758
"153","06037121020",931,8,0.859291084854995
"154","06037121101",913,17,1.86199342825849
"155","06037121102",756,39,5.15873015873016
"156","06037121210",763,25,3.27653997378768
"157","06037121221",481,12,2.49480249480249
"158","06037121222",1206,22,1.82421227197347
"159","06037121600",809,120,14.8331273176761
"160","06037121801",1112,0,0
"161","06037121802",706,16,2.26628895184136
"162","06037121900",994,0,0
"163","06037122000",1517,64,4.2188529993408
"164","06037122120",1109,7,0.631199278629396
"165","06037122121",707,17,2.4045261669024
"166","06037122122",621,9,1.44927536231884
"167","06037122200",895,24,2.68156424581006
"168","06037122410",1047,0,0
"169","06037122420",1337,27,2.01944652206432
"170","06037123010",1074,21,1.95530726256983
"171","06037123020",738,5,0.677506775067751
"172","06037123103",1522,11,0.722733245729304
"173","06037123104",1572,34,2.16284987277354
"174","06037123203",1024,2,0.1953125
"175","06037123204",1007,0,0
"176","06037123205",705,6,0.851063829787234
"177","06037123206",838,0,0
"178","06037123301",1552,38,2.44845360824742
"179","06037123303",894,20,2.23713646532438
"180","06037123304",1643,9,0.547778454047474
"181","06037123410",1187,20,1.6849199663016
"182","06037123420",1399,36,2.57326661901358
"183","06037123510",1481,44,2.97096556380824
"184","06037123520",897,9,1.00334448160535
"185","06037123601",1884,40,2.12314225053079
"186","06037123602",1322,47,3.55521936459909
"187","06037123700",1438,35,2.43393602225313
"188","06037123800",2265,132,5.82781456953642
"189","06037123901",1559,95,6.09364977549711
"190","06037123902",1082,55,5.08317929759704
"191","06037124000",2021,333,16.4769915883226
"192","06037124102",1282,9,0.702028081123245
"193","06037124103",585,58,9.91452991452991
"194","06037124104",1043,3,0.287631831255992
"195","06037124105",853,14,1.64126611957796
"196","06037124201",1077,0,0
"197","06037124203",842,41,4.86935866983373
"198","06037124204",960,11,1.14583333333333
"199","06037124300",1253,0,0
"200","06037124400",1594,139,8.72020075282309
"201","06037124500",1234,114,9.23824959481361
"202","06037124600",1397,129,9.23407301360057
"203","06037124700",1985,272,13.7027707808564
"204","06037124902",1521,33,2.16962524654832
"205","06037124903",1608,0,0
"206","06037125100",2693,376,13.9621240252506
"207","06037125200",1731,52,3.00404390525708
"208","06037125310",1799,32,1.77876598110061
"209","06037125320",2482,24,0.96696212731668
"210","06037125401",2132,39,1.82926829268293
"211","06037125402",1910,131,6.8586387434555
"212","06037125501",1559,35,2.24502886465683
"213","06037125502",1637,75,4.58155161881491
"214","06037125600",1181,86,7.28196443691787
"215","06037127102",1513,29,1.91672174487773
"216","06037127103",1068,0,0
"217","06037127104",1246,30,2.40770465489567
"218","06037127210",1828,47,2.57111597374179
"219","06037127220",1651,23,1.3930950938825
"220","06037127300",1587,10,0.630119722747322
"221","06037127400",1763,30,1.70164492342598
"222","06037127520",1111,0,0
"223","06037127603",871,0,0
"224","06037127604",1114,0,0
"225","06037127605",1092,12,1.0989010989011
"226","06037127606",1138,35,3.07557117750439
"227","06037127711",1125,145,12.8888888888889
"228","06037127712",1138,0,0
"229","06037127803",1260,64,5.07936507936508
"230","06037127804",1426,33,2.31416549789621
"231","06037127805",1131,116,10.2564102564103
"232","06037127806",1209,13,1.0752688172043
"233","06037127910",1424,8,0.561797752808989
"234","06037127920",1224,17,1.38888888888889
"235","06037128101",1262,47,3.72424722662441
"236","06037128102",1346,28,2.08023774145617
"237","06037128210",1409,20,1.4194464158978
"238","06037128220",1147,46,4.0104620749782
"239","06037128302",1447,0,0
"240","06037128303",1050,0,0
"241","06037128400",1758,54,3.07167235494881
"242","06037128500",1819,94,5.1676745464541
"243","06037128601",1595,24,1.50470219435737
"244","06037128602",1315,113,8.59315589353612
"245","06037128702",2665,242,9.08067542213884
"246","06037128801",1868,135,7.22698072805139
"247","06037128802",1988,58,2.91750503018109
"248","06037128910",1801,158,8.7729039422543
"249","06037131010",1924,0,0
"250","06037131020",1502,43,2.86284953395473
"251","06037131100",1013,23,2.27048371174729
"252","06037131200",1146,94,8.20244328097731
"253","06037131300",1134,48,4.23280423280423
"254","06037131400",1751,36,2.05596801827527
"255","06037131600",1424,38,2.6685393258427
"256","06037131701",1634,69,4.22276621787026
"257","06037131702",1064,11,1.03383458646617
"258","06037131800",1497,17,1.13560454241817
"259","06037131900",1345,38,2.82527881040892
"260","06037132001",1165,124,10.6437768240343
"261","06037132002",1048,62,5.91603053435114
"262","06037132101",1593,43,2.6993094789705
"263","06037132102",2044,148,7.24070450097847
"264","06037132300",2369,58,2.44829041789785
"265","06037132501",985,0,0
"266","06037132502",1242,8,0.644122383252818
"267","06037132700",1466,9,0.613915416098227
"268","06037132900",1304,144,11.0429447852761
"269","06037133000",1152,0,0
"270","06037133100",1904,114,5.98739495798319
"271","06037134001",899,0,0
"272","06037134002",1004,30,2.98804780876494
"273","06037134101",1518,8,0.527009222661397
"274","06037134103",1235,28,2.26720647773279
"275","06037134104",1313,96,7.31150038080731
"276","06037134201",1153,63,5.46400693842151
"277","06037134302",1255,86,6.85258964143426
"278","06037134303",1689,58,3.4339846062759
"279","06037134304",834,57,6.83453237410072
"280","06037134305",1078,0,0
"281","06037134306",1136,94,8.27464788732394
"282","06037134421",1360,179,13.1617647058824
"283","06037134422",1555,216,13.8906752411576
"284","06037134423",1289,83,6.43910007757952
"285","06037134424",949,307,32.349841938883
"286","06037134520",1711,0,0
"287","06037134521",618,0,0
"288","06037134522",1240,0,0
"289","06037134710",1551,36,2.321083172147
"290","06037134720",1536,30,1.953125
"291","06037134800",1841,62,3.36773492667029
"292","06037134901",1111,43,3.87038703870387
"293","06037134903",1930,0,0
"294","06037134904",1483,8,0.539447066756575
"295","06037134905",1268,213,16.7981072555205
"296","06037135102",1240,72,5.80645161290323
"297","06037135111",1144,39,3.40909090909091
"298","06037135113",1199,40,3.33611342785655
"299","06037135114",2420,137,5.66115702479339
"300","06037135201",888,119,13.4009009009009
"301","06037135202",1514,153,10.105680317041
"302","06037135203",2508,208,8.29346092503987
"303","06037137000",1742,335,19.2307692307692
"304","06037137103",2026,166,8.19348469891412
"305","06037137104",1088,147,13.5110294117647
"306","06037137201",2289,103,4.49978156400175
"307","06037137301",745,192,25.7718120805369
"308","06037137302",1611,201,12.4767225325885
"309","06037137401",1609,182,11.3113735239279
"310","06037137402",2015,391,19.4044665012407
"311","06037137501",1529,206,13.4728580771746
"312","06037137502",1716,248,14.4522144522145
"313","06037137504",618,205,33.1715210355987
"314","06037138000",1846,460,24.9187432286024
"315","06037139001",1959,136,6.94231750893313
"316","06037139200",2235,46,2.05816554809843
"317","06037139301",1586,185,11.6645649432535
"318","06037139302",1875,62,3.30666666666667
"319","06037139303",1895,36,1.89973614775726
"320","06037139401",1204,19,1.578073089701
"321","06037139402",978,300,30.6748466257669
"322","06037139502",1208,90,7.45033112582782
"323","06037139503",2572,114,4.43234836702955
"324","06037139504",1761,0,0
"325","06037139600",2119,396,18.6880604058518
"326","06037139701",1892,588,31.0782241014799
"327","06037139702",2342,959,40.9479077711358
"328","06037139703",982,322,32.7902240325866
"329","06037139801",1188,442,37.2053872053872
"330","06037139802",1348,473,35.0890207715134
"331","06037141101",2243,158,7.04413731609452
"332","06037141102",1347,240,17.8173719376392
"333","06037141201",1919,78,4.06461698801459
"334","06037141202",1325,247,18.6415094339623
"335","06037141302",2859,215,7.52011192724729
"336","06037141303",1704,80,4.69483568075117
"337","06037141304",1524,145,9.51443569553806
"338","06037141400",1969,416,21.1274758760792
"339","06037141500",1099,494,44.9499545040946
"340","06037141600",1593,558,35.0282485875706
"341","06037141700",1266,453,35.781990521327
"342","06037143100",2082,380,18.2516810758886
"343","06037143200",1909,81,4.24305919329492
"344","06037143300",2875,238,8.27826086956522
"345","06037143400",2765,424,15.3345388788427
"346","06037143500",2108,305,14.4686907020873
"347","06037143602",1982,324,16.3471241170535
"348","06037143603",1239,130,10.4923325262308
"349","06037143604",1887,95,5.0344462109168
"350","06037143700",1842,434,23.5613463626493
"351","06037143800",2291,568,24.7926669576604
"352","06037143901",1705,633,37.1260997067449
"353","06037143902",1412,244,17.2804532577904
"354","06037181000",2317,298,12.8614587829089
"355","06037181300",1322,79,5.97579425113464
"356","06037181400",1649,168,10.1879927228623
"357","06037181500",1266,102,8.05687203791469
"358","06037181600",987,37,3.74873353596758
"359","06037183101",1321,81,6.13171839515519
"360","06037183103",1396,10,0.716332378223496
"361","06037183104",748,4,0.53475935828877
"362","06037183220",1168,0,0
"363","06037183221",1040,55,5.28846153846154
"364","06037183222",1278,58,4.53834115805947
"365","06037183300",1025,39,3.80487804878049
"366","06037183401",803,34,4.23412204234122
"367","06037183402",870,28,3.2183908045977
"368","06037183510",741,6,0.809716599190283
"369","06037183520",1028,9,0.875486381322957
"370","06037183610",958,3,0.313152400835073
"371","06037183620",963,20,2.07684319833853
"372","06037183701",1188,15,1.26262626262626
"373","06037183702",1106,41,3.70705244122966
"374","06037183810",1197,0,0
"375","06037183820",962,0,0
"376","06037185100",2084,219,10.5086372360845
"377","06037185202",1335,35,2.62172284644195
"378","06037185203",941,74,7.86397449521785
"379","06037185204",669,94,14.050822122571
"380","06037185310",779,6,0.770218228498075
"381","06037185320",903,0,0
"382","06037186100",1710,47,2.74853801169591
"383","06037186201",1091,13,1.19156736938588
"384","06037186202",673,30,4.45765230312036
"385","06037186203",1111,54,4.86048604860486
"386","06037186301",883,38,4.3035107587769
"387","06037186302",1733,130,7.50144258511252
"388","06037186401",989,22,2.22446916076845
"389","06037186403",832,15,1.80288461538462
"390","06037186404",668,3,0.449101796407186
"391","06037187101",1285,11,0.856031128404669
"392","06037187102",1109,54,4.8692515779982
"393","06037187200",907,0,0
"394","06037187300",1514,93,6.14266842800528
"395","06037188100",1726,43,2.49130938586327
"396","06037188201",1938,45,2.32198142414861
"397","06037188202",1189,341,28.6795626576955
"398","06037188300",1382,68,4.92040520984081
"399","06037189101",1482,54,3.64372469635628
"400","06037189102",1677,147,8.76565295169946
"401","06037189201",1896,37,1.95147679324895
"402","06037189202",1237,204,16.4915117219078
"403","06037189300",1413,546,38.6411889596603
"404","06037189400",1826,378,20.7009857612267
"405","06037189500",2886,185,6.41025641025641
"406","06037189600",2085,181,8.6810551558753
"407","06037189701",2169,391,18.0267404333794
"408","06037189702",1379,208,15.0833937635968
"409","06037189800",2324,177,7.61617900172117
"410","06037189902",3142,40,1.27307447485678
"411","06037189903",1376,129,9.375
"412","06037189904",1504,44,2.92553191489362
"413","06037189905",1523,61,4.00525279054498
"414","06037190100",2674,63,2.35602094240838
"415","06037190201",1499,0,0
"416","06037190202",2137,28,1.3102480112307
"417","06037190301",2280,32,1.40350877192982
"418","06037190401",1752,30,1.71232876712329
"419","06037190402",1279,0,0
"420","06037190510",1596,10,0.6265664160401
"421","06037190520",1589,23,1.44745122718691
"422","06037190700",1786,31,1.73572228443449
"423","06037190801",1353,9,0.665188470066519
"424","06037190802",1335,0,0
"425","06037190901",1407,6,0.426439232409382
"426","06037190902",1602,34,2.12234706616729
"427","06037191000",1594,33,2.0702634880803
"428","06037191110",1128,30,2.65957446808511
"429","06037191120",1553,0,0
"430","06037191201",1643,17,1.03469263542301
"431","06037191203",1171,6,0.512382578992314
"432","06037191204",793,3,0.378310214375788
"433","06037191301",984,0,0
"434","06037191302",961,0,0
"435","06037191410",1704,0,0
"436","06037191420",1169,0,0
"437","06037191500",1686,9,0.533807829181495
"438","06037191610",1380,32,2.31884057971015
"439","06037191620",977,27,2.76356192425793
"440","06037191710",1286,19,1.47744945567652
"441","06037191720",1340,16,1.19402985074627
"442","06037191810",1356,36,2.65486725663717
"443","06037191820",1167,24,2.05655526992288
"444","06037191901",1905,37,1.94225721784777
"445","06037191902",1485,202,13.6026936026936
"446","06037192001",1161,51,4.39276485788114
"447","06037192002",1350,225,16.6666666666667
"448","06037192300",1640,197,12.0121951219512
"449","06037192410",1772,107,6.03837471783296
"450","06037192420",1349,31,2.29799851742031
"451","06037192510",1208,3,0.248344370860927
"452","06037192520",1566,0,0
"453","06037192610",1429,6,0.419874037788663
"454","06037192620",1285,0,0
"455","06037192700",1054,7,0.664136622390892
"456","06037194101",1705,176,10.3225806451613
"457","06037194102",1556,565,36.3110539845758
"458","06037194200",1701,577,33.9212228101117
"459","06037194300",1489,612,41.1014103425117
"460","06037194401",1274,79,6.20094191522763
"461","06037194402",2054,274,13.3398247322298
"462","06037194500",1021,210,20.5680705190989
"463","06037195100",2079,451,21.6931216931217
"464","06037195201",1591,112,7.03959773727216
"465","06037195202",1471,354,24.0652617267165
"466","06037195300",1531,105,6.85826257348138
"467","06037195400",2305,268,11.6268980477223
"468","06037195500",2330,276,11.8454935622318
"469","06037195600",1182,49,4.14551607445008
"470","06037195710",1337,20,1.49588631264024
"471","06037195720",831,5,0.601684717208183
"472","06037195802",957,16,1.67189132706374
"473","06037195803",1100,92,8.36363636363636
"474","06037195804",1063,0,0
"475","06037195901",1141,66,5.78439964943032
"476","06037195902",975,18,1.84615384615385
"477","06037195903",1012,12,1.18577075098814
"478","06037197200",1141,17,1.48992112182296
"479","06037197300",1775,42,2.36619718309859
"480","06037197410",1738,70,4.02761795166859
"481","06037197420",1245,41,3.29317269076305
"482","06037197500",1449,45,3.1055900621118
"483","06037197600",927,40,4.31499460625674
"484","06037197700",1701,0,0
"485","06037199000",1526,0,0
"486","06037199110",787,0,0
"487","06037199120",993,17,1.71198388721047
"488","06037199201",1163,0,0
"489","06037199202",859,15,1.74621653084983
"490","06037199300",1165,37,3.17596566523605
"491","06037199400",1316,0,0
"492","06037199700",997,9,0.902708124373119
"493","06037199800",1536,0,0
"494","06037199900",768,0,0
"495","06037201110",720,5,0.694444444444444
"496","06037201120",1231,20,1.6246953696182
"497","06037201200",727,0,0
"498","06037201301",983,12,1.22075279755849
"499","06037201302",1878,90,4.79233226837061
"500","06037201401",1385,21,1.51624548736462
"501","06037201402",1327,15,1.13036925395629
"502","06037201501",1503,0,0
"503","06037201503",839,0,0
"504","06037201504",584,35,5.99315068493151
"505","06037201601",643,17,2.64385692068429
"506","06037201602",772,8,1.03626943005181
"507","06037201700",1320,28,2.12121212121212
"508","06037203100",1180,0,0
"509","06037203200",1217,0,0
"510","06037203300",444,0,0
"511","06037203500",920,0,0
"512","06037203600",1320,0,0
"513","06037203710",856,8,0.934579439252336
"514","06037203720",1060,0,0
"515","06037203800",1033,0,0
"516","06037203900",732,23,3.14207650273224
"517","06037204110",798,0,0
"518","06037204120",687,5,0.727802037845706
"519","06037204200",849,0,0
"520","06037204300",1270,11,0.866141732283465
"521","06037204410",580,0,0
"522","06037204420",874,0,0
"523","06037204600",1034,25,2.41779497098646
"524","06037204700",1066,0,0
"525","06037204810",1089,0,0
"526","06037204820",471,0,0
"527","06037204910",755,0,0
"528","06037204920",623,0,0
"529","06037205110",846,0,0
"530","06037205120",933,13,1.39335476956056
"531","06037206010",981,9,0.917431192660551
"532","06037206020",206,0,0
"533","06037206031",1499,60,4.00266844563042
"534","06037206032",1564,0,0
"535","06037206050",719,8,1.11265646731572
"536","06037206200",1430,7,0.48951048951049
"537","06037206300",1954,0,0
"538","06037207101",1161,0,0
"539","06037207102",925,0,0
"540","06037207103",807,6,0.743494423791822
"541","06037207301",3052,20,0.655307994757536
"542","06037207302",2156,63,2.92207792207792
"543","06037207400",15,0,0
"544","06037207501",1353,56,4.13895048041389
"545","06037207502",1741,43,2.46984491671453
"546","06037207710",1553,139,8.95041854475209
"547","06037207900",1931,145,7.50906266183325
"548","06037208000",2245,48,2.1380846325167
"549","06037208301",531,0,0
"550","06037208302",1543,11,0.712896953985742
"551","06037208401",1449,0,0
"552","06037208402",843,0,0
"553","06037208501",842,0,0
"554","06037208502",1264,18,1.42405063291139
"555","06037208610",1316,18,1.3677811550152
"556","06037208620",1685,52,3.08605341246291
"557","06037208710",1865,16,0.857908847184987
"558","06037208720",1503,0,0
"559","06037208801",1163,0,0
"560","06037208802",1389,24,1.72786177105832
"561","06037208902",567,0,0
"562","06037208903",1194,0,0
"563","06037208904",1197,0,0
"564","06037209102",1760,16,0.909090909090909
"565","06037209103",985,0,0
"566","06037209104",803,0,0
"567","06037209200",1133,82,7.23742277140335
"568","06037209300",1879,14,0.745077168706759
"569","06037209401",1322,0,0
"570","06037209402",1106,0,0
"571","06037209403",1257,0,0
"572","06037209510",922,0,0
"573","06037209520",900,20,2.22222222222222
"574","06037209810",688,0,0
"575","06037209820",758,0,0
"576","06037210010",1192,0,0
"577","06037211000",1686,657,38.9679715302491
"578","06037211120",2395,0,0
"579","06037211121",895,0,0
"580","06037211122",1192,0,0
"581","06037211201",923,21,2.27518959913326
"582","06037211202",933,0,0
"583","06037211310",1313,0,0
"584","06037211320",1241,0,0
"585","06037211410",1162,46,3.95869191049914
"586","06037211420",1261,11,0.872323552735924
"587","06037211500",1846,272,14.7345612134345
"588","06037211701",1092,122,11.1721611721612
"589","06037211703",2025,0,0
"590","06037211704",1597,0,0
"591","06037211802",2158,0,0
"592","06037211803",1646,0,0
"593","06037211804",1335,15,1.12359550561798
"594","06037211910",1688,0,0
"595","06037211921",965,0,0
"596","06037211922",1333,28,2.10052513128282
"597","06037212101",1209,0,0
"598","06037212102",1308,0,0
"599","06037212202",1130,0,0
"600","06037212203",1080,0,0
"601","06037212204",1221,0,0
"602","06037212303",1228,34,2.76872964169381
"603","06037212304",780,0,0
"604","06037212305",1011,0,0
"605","06037212306",1195,4,0.334728033472803
"606","06037212410",1635,0,0
"607","06037212420",1182,6,0.50761421319797
"608","06037212501",902,0,0
"609","06037212502",1182,28,2.36886632825719
"610","06037212610",1830,53,2.89617486338798
"611","06037212620",1765,35,1.98300283286119
"612","06037212701",802,20,2.49376558603491
"613","06037212702",1531,247,16.1332462442848
"614","06037212800",1286,21,1.63297045101089
"615","06037212900",1486,6,0.403768506056528
"616","06037213100",967,44,4.55015511892451
"617","06037213201",1394,0,0
"618","06037213202",1234,15,1.21555915721232
"619","06037213310",1114,0,0
"620","06037213320",978,0,0
"621","06037213401",1747,17,0.973096737263881
"622","06037213402",1532,0,0
"623","06037214000",1408,202,14.3465909090909
"624","06037214100",1681,419,24.9256395002974
"625","06037214400",1654,121,7.31559854897219
"626","06037214501",1472,233,15.8288043478261
"627","06037214502",2512,210,8.35987261146497
"628","06037214503",1570,173,11.0191082802548
"629","06037214600",1300,189,14.5384615384615
"630","06037214700",1228,268,21.8241042345277
"631","06037214800",1336,260,19.4610778443114
"632","06037214901",2020,280,13.8613861386139
"633","06037214902",1468,184,12.5340599455041
"634","06037215101",1570,22,1.40127388535032
"635","06037215102",2037,81,3.97643593519882
"636","06037216100",1001,217,21.6783216783217
"637","06037216200",2562,211,8.23575331772053
"638","06037216300",2538,377,14.8542159180457
"639","06037216401",2140,73,3.41121495327103
"640","06037216402",1352,52,3.84615384615385
"641","06037216700",1611,141,8.75232774674116
"642","06037216800",1556,251,16.1311053984576
"643","06037216900",2527,240,9.49742777997626
"644","06037217001",1046,146,13.9579349904398
"645","06037217002",2231,136,6.09592111160914
"646","06037217100",2234,100,4.4762757385855
"647","06037217200",1541,81,5.25632706035042
"648","06037218110",1244,43,3.45659163987138
"649","06037218120",1408,0,0
"650","06037218210",1175,0,0
"651","06037218220",1492,101,6.76943699731904
"652","06037218300",1989,15,0.754147812971342
"653","06037218400",1551,0,0
"654","06037218500",1040,0,0
"655","06037218600",1112,0,0
"656","06037218701",831,12,1.44404332129964
"657","06037218702",821,17,2.07064555420219
"658","06037218800",789,17,2.15462610899873
"659","06037218900",1922,39,2.02913631633715
"660","06037219010",798,11,1.37844611528822
"661","06037219020",1224,8,0.65359477124183
"662","06037219300",1396,0,0
"663","06037219500",741,55,7.42240215924426
"664","06037219700",1314,2,0.15220700152207
"665","06037219800",950,0,0
"666","06037219901",1454,9,0.61898211829436
"667","06037219902",1184,0,0
"668","06037220000",1952,12,0.614754098360656
"669","06037220100",1026,26,2.53411306042885
"670","06037221110",1082,29,2.68022181146026
"671","06037221120",822,0,0
"672","06037221210",873,4,0.458190148911798
"673","06037221220",992,0,0
"674","06037221302",1244,0,0
"675","06037221303",767,13,1.69491525423729
"676","06037221304",1119,8,0.714924039320822
"677","06037221401",1329,0,0
"678","06037221402",952,23,2.41596638655462
"679","06037221500",1207,0,0
"680","06037221601",915,11,1.20218579234973
"681","06037221602",769,0,0
"682","06037221710",901,0,0
"683","06037221810",927,0,0
"684","06037221820",1023,8,0.782013685239492
"685","06037221900",879,0,0
"686","06037222001",847,18,2.12514757969303
"687","06037222002",1180,0,0
"688","06037222100",1131,33,2.91777188328912
"689","06037222200",1190,16,1.34453781512605
"690","06037222500",1319,13,0.985595147839272
"691","06037222600",1515,0,0
"692","06037222700",136,0,0
"693","06037224010",1047,8,0.764087870105062
"694","06037224020",756,0,0
"695","06037224200",668,10,1.49700598802395
"696","06037224310",621,0,0
"697","06037224320",1022,0,0
"698","06037224410",1006,20,1.98807157057654
"699","06037224420",687,7,1.01892285298399
"700","06037224600",841,9,1.07015457788347
"701","06037224700",827,0,0
"702","06037226001",480,0,0
"703","06037226002",720,0,0
"704","06037226410",804,7,0.870646766169154
"705","06037226420",1107,0,0
"706","06037226700",1282,0,0
"707","06037227010",955,17,1.78010471204188
"708","06037227020",661,0,0
"709","06037228100",1025,0,0
"710","06037228210",850,0,0
"711","06037228220",918,0,0
"712","06037228310",867,23,2.65282583621684
"713","06037228320",742,0,0
"714","06037228410",731,0,0
"715","06037228420",681,13,1.90895741556535
"716","06037228500",1017,11,1.08161258603736
"717","06037228600",959,0,0
"718","06037228710",926,0,0
"719","06037228720",993,0,0
"720","06037228800",1212,11,0.907590759075908
"721","06037228900",801,0,0
"722","06037229100",921,0,0
"723","06037229200",1117,10,0.895255147717099
"724","06037229300",1196,0,0
"725","06037229410",769,12,1.56046814044213
"726","06037229420",946,8,0.845665961945032
"727","06037231100",642,0,0
"728","06037231210",1166,9,0.771869639794168
"729","06037231220",1095,0,0
"730","06037231300",1369,12,0.876552227903579
"731","06037231400",1237,0,0
"732","06037231500",1445,13,0.899653979238754
"733","06037231600",1932,26,1.34575569358178
"734","06037231710",1251,0,0
"735","06037231720",1379,23,1.66787527193619
"736","06037231800",1273,0,0
"737","06037231900",1372,0,0
"738","06037232110",768,0,0
"739","06037232120",1227,0,0
"740","06037232200",894,7,0.782997762863535
"741","06037232300",1076,0,0
"742","06037232400",1914,0,0
"743","06037232500",1442,29,2.01109570041609
"744","06037232600",1765,0,0
"745","06037232700",1504,0,0
"746","06037232800",935,12,1.28342245989305
"747","06037234000",1998,25,1.25125125125125
"748","06037234200",1142,35,3.06479859894921
"749","06037234300",2236,64,2.86225402504472
"750","06037234501",901,0,0
"751","06037234502",1042,0,0
"752","06037234600",1662,74,4.45246690734055
"753","06037234700",1424,0,0
"754","06037234800",1060,34,3.20754716981132
"755","06037234901",1136,25,2.20070422535211
"756","06037234902",1493,0,0
"757","06037235100",1695,35,2.06489675516224
"758","06037235201",942,3,0.318471337579618
"759","06037235202",1785,7,0.392156862745098
"760","06037236000",2079,76,3.65560365560366
"761","06037236100",2593,0,0
"762","06037236202",2149,0,0
"763","06037236203",1481,26,1.75557056043214
"764","06037236204",1273,0,0
"765","06037236400",2035,66,3.24324324324324
"766","06037237101",1054,0,0
"767","06037237102",901,0,0
"768","06037237201",937,0,0
"769","06037237202",1305,23,1.76245210727969
"770","06037237300",1839,0,0
"771","06037237401",984,12,1.21951219512195
"772","06037237402",1015,24,2.36453201970443
"773","06037237500",776,9,1.15979381443299
"774","06037237600",1170,15,1.28205128205128
"775","06037237710",971,0,0
"776","06037237720",839,0,0
"777","06037237800",1286,38,2.95489891135303
"778","06037237900",1277,23,1.80109631949883
"779","06037238000",2083,21,1.00816130580893
"780","06037238100",1708,10,0.585480093676815
"781","06037238200",2051,34,1.65772793759142
"782","06037238310",1322,0,0
"783","06037238320",964,0,0
"784","06037238400",1678,21,1.25148986889154
"785","06037239201",825,0,0
"786","06037239202",1003,0,0
"787","06037239310",954,0,0
"788","06037239320",864,0,0
"789","06037239330",701,13,1.85449358059914
"790","06037239501",865,0,0
"791","06037239502",848,0,0
"792","06037239601",858,9,1.04895104895105
"793","06037239602",810,0,0
"794","06037239701",1042,0,0
"795","06037239702",1024,0,0
"796","06037239801",932,0,0
"797","06037239802",1129,0,0
"798","06037240010",951,0,0
"799","06037240020",1244,7,0.562700964630225
"800","06037240200",1288,0,0
"801","06037240300",1450,0,0
"802","06037240401",1268,6,0.473186119873817
"803","06037240402",1100,0,0
"804","06037240500",1477,0,0
"805","06037240600",1209,16,1.32340777502068
"806","06037240700",1706,39,2.28604923798359
"807","06037240800",994,17,1.7102615694165
"808","06037240900",1285,0,0
"809","06037241001",1106,0,0
"810","06037241002",931,0,0
"811","06037241110",719,0,0
"812","06037241120",1081,7,0.647548566142461
"813","06037241201",814,0,0
"814","06037241202",1428,21,1.47058823529412
"815","06037241300",674,0,0
"816","06037241400",864,0,0
"817","06037242000",921,16,1.73724212812161
"818","06037242100",717,0,0
"819","06037242200",1459,5,0.342700479780672
"820","06037242300",1043,0,0
"821","06037242600",1188,0,0
"822","06037242700",1164,0,0
"823","06037243000",1185,0,0
"824","06037243100",1287,0,0
"825","06037261101",1436,686,47.7715877437326
"826","06037261102",1767,844,47.7645727221279
"827","06037261200",1605,642,40
"828","06037262100",1207,596,49.3786246893123
"829","06037262200",1779,1020,57.3355817875211
"830","06037262301",934,454,48.6081370449679
"831","06037262302",1247,590,47.3135525260626
"832","06037262303",1132,495,43.7279151943463
"833","06037262400",1279,652,50.9773260359656
"834","06037262501",1373,543,39.5484340859432
"835","06037262601",1376,653,47.4563953488372
"836","06037262604",2519,796,31.5998412068281
"837","06037262704",1444,382,26.4542936288089
"838","06037262706",1280,547,42.734375
"839","06037262802",1563,680,43.5060780550224
"840","06037264000",1221,516,42.2604422604423
"841","06037264102",1704,251,14.7300469483568
"842","06037264103",1385,141,10.1805054151625
"843","06037264301",2963,453,15.2885588930138
"844","06037264302",2898,457,15.7694962042788
"845","06037265100",1333,389,29.1822955738935
"846","06037265201",933,228,24.4372990353698
"847","06037265202",1951,462,23.6801640184521
"848","06037265301",0,0,NA
"849","06037265303",1528,24,1.57068062827225
"850","06037265304",985,10,1.01522842639594
"851","06037265305",1891,81,4.28344791115812
"852","06037265410",579,121,20.8981001727116
"853","06037265420",722,325,45.0138504155125
"854","06037265510",2256,159,7.04787234042553
"855","06037265520",2259,383,16.954404603807
"856","06037265601",1467,287,19.5637355146558
"857","06037265602",1555,537,34.5337620578778
"858","06037265700",2484,401,16.1433172302738
"859","06037267100",2689,555,20.6396429899591
"860","06037267200",2754,295,10.7116920842411
"861","06037267300",1953,35,1.7921146953405
"862","06037267402",2302,169,7.34144222415291
"863","06037267403",1681,121,7.19809637120761
"864","06037267404",1620,147,9.07407407407407
"865","06037267501",2525,125,4.95049504950495
"866","06037267502",1622,113,6.96670776818742
"867","06037267600",1223,80,6.54129190515127
"868","06037267700",1636,93,5.68459657701711
"869","06037267800",1096,256,23.3576642335766
"870","06037267901",1479,406,27.4509803921569
"871","06037267902",1609,270,16.780609073959
"872","06037269000",2241,734,32.7532351628737
"873","06037269100",1961,305,15.5532891381948
"874","06037269300",1552,558,35.9536082474227
"875","06037269500",1422,605,42.5457102672293
"876","06037269601",1008,27,2.67857142857143
"877","06037269602",1134,7,0.617283950617284
"878","06037269700",1668,146,8.75299760191846
"879","06037269800",1645,87,5.2887537993921
"880","06037269903",1805,13,0.720221606648199
"881","06037269904",2016,41,2.03373015873016
"882","06037269905",1235,71,5.74898785425101
"883","06037269906",1530,76,4.96732026143791
"884","06037269907",1387,34,2.45133381398702
"885","06037270100",2418,45,1.86104218362283
"886","06037270200",1250,26,2.08
"887","06037270300",926,85,9.1792656587473
"888","06037271100",957,106,11.0762800417973
"889","06037271200",1117,12,1.07430617726052
"890","06037271300",1934,213,11.0134436401241
"891","06037271400",1339,303,22.6288274831964
"892","06037271500",1342,265,19.7466467958271
"893","06037271600",1900,201,10.5789473684211
"894","06037271701",2713,245,9.03059343899742
"895","06037271702",1855,98,5.28301886792453
"896","06037271801",1734,105,6.05536332179931
"897","06037271802",2779,91,3.27455919395466
"898","06037271901",1319,186,14.1015921152388
"899","06037271902",1748,125,7.15102974828375
"900","06037272100",1796,353,19.6547884187082
"901","06037272201",1122,50,4.45632798573975
"902","06037272202",1542,29,1.88067444876783
"903","06037272301",1324,148,11.178247734139
"904","06037272302",1957,7,0.357690342360756
"905","06037273100",860,83,9.65116279069767
"906","06037273200",1571,198,12.6034373010821
"907","06037273300",1555,195,12.540192926045
"908","06037273402",2080,146,7.01923076923077
"909","06037273502",1812,181,9.98896247240618
"910","06037273600",1150,176,15.304347826087
"911","06037273700",1201,161,13.4054954204829
"912","06037273800",1592,210,13.1909547738693
"913","06037273902",2237,556,24.8547161376844
"914","06037274100",2350,484,20.5957446808511
"915","06037274202",2237,594,26.5534197586053
"916","06037275101",512,54,10.546875
"917","06037275102",1356,85,6.26843657817109
"918","06037275200",1561,8,0.51249199231262
"919","06037275302",2494,537,21.5316760224539
"920","06037275311",2245,216,9.62138084632517
"921","06037275400",1584,238,15.0252525252525
"922","06037275500",1602,57,3.55805243445693
"923","06037275602",3553,672,18.9135941457923
"924","06037275603",1188,93,7.82828282828283
"925","06037276000",2187,328,14.9977137631459
"926","06037276100",2930,99,3.37883959044369
"927","06037276400",1573,352,22.3776223776224
"928","06037276500",720,111,15.4166666666667
"929","06037276601",1667,477,28.6142771445711
"930","06037276603",3245,144,4.43759630200308
"931","06037276604",2305,114,4.94577006507592
"932","06037277000",2069,577,27.8878685355244
"933","06037277100",1096,61,5.56569343065693
"934","06037277200",1104,0,0
"935","06037277400",628,0,0
"936","06037278001",964,61,6.32780082987552
"937","06037278102",1508,360,23.8726790450928
"938","06037291110",1142,45,3.94045534150613
"939","06037291120",644,0,0
"940","06037291130",990,25,2.52525252525253
"941","06037291210",1483,24,1.61834120026972
"942","06037291220",1021,17,1.66503428011753
"943","06037291300",973,67,6.88591983556012
"944","06037292000",1865,42,2.25201072386059
"945","06037293201",2025,47,2.32098765432099
"946","06037293202",1760,26,1.47727272727273
"947","06037293301",1057,60,5.67644276253548
"948","06037293302",1607,97,6.0360920970753
"949","06037293304",1427,12,0.840925017519271
"950","06037293306",802,61,7.60598503740648
"951","06037293307",834,18,2.15827338129496
"952","06037294110",1080,14,1.2962962962963
"953","06037294120",534,0,0
"954","06037294200",1351,41,3.03478904515174
"955","06037294301",671,29,4.32190760059613
"956","06037294302",1288,9,0.698757763975155
"957","06037294410",1638,22,1.34310134310134
"958","06037294421",942,0,0
"959","06037294510",937,29,3.09498399146211
"960","06037294520",935,0,0
"961","06037294610",1161,10,0.861326442721792
"962","06037294620",1051,0,0
"963","06037294701",826,0,0
"964","06037294810",989,0,0
"965","06037294820",887,15,1.69109357384442
"966","06037294830",964,19,1.97095435684647
"967","06037294900",699,5,0.715307582260372
"968","06037295103",2057,118,5.73650947982499
"969","06037296210",905,0,0
"970","06037296220",1422,25,1.75808720112518
"971","06037296300",1832,79,4.31222707423581
"972","06037296401",1199,55,4.58715596330275
"973","06037296402",1155,31,2.68398268398268
"974","06037296500",1269,21,1.6548463356974
"975","06037296600",1873,20,1.06780565936999
"976","06037296901",1427,0,0
"977","06037296902",1546,66,4.26908150064683
"978","06037297000",2185,63,2.88329519450801
"979","06037297110",1448,0,0
"980","06037297120",1145,36,3.14410480349345
"981","06037297201",1347,70,5.19673348181143
"982","06037297202",1412,14,0.991501416430595
"983","06037297300",837,42,5.01792114695341
"984","06037297400",1604,204,12.7182044887781
"985","06037297500",2126,143,6.72624647224835
"986","06037297601",1214,56,4.61285008237232
"987","06037297602",1668,125,7.49400479616307
"988","06037300100",2017,382,18.9390183440754
"989","06037300200",1951,216,11.0712455151205
"990","06037300301",2080,313,15.0480769230769
"991","06037300400",1912,126,6.58995815899582
"992","06037300501",1285,55,4.28015564202335
"993","06037300502",2499,176,7.04281712685074
"994","06037300600",3029,151,4.98514361175305
"995","06037300701",2125,630,29.6470588235294
"996","06037300702",1936,624,32.2314049586777
"997","06037300800",2701,322,11.9215105516475
"998","06037300901",2193,646,29.4573643410853
"999","06037300902",719,125,17.3852573018081
"1000","06037301000",1869,30,1.60513643659711
"1001","06037301100",2638,311,11.7892342683851
"1002","06037301203",1864,69,3.70171673819742
"1003","06037301204",1985,109,5.4911838790932
"1004","06037301205",720,32,4.44444444444444
"1005","06037301206",1857,130,7.00053850296177
"1006","06037301300",710,222,31.2676056338028
"1007","06037301400",1301,183,14.0661029976941
"1008","06037301501",604,63,10.4304635761589
"1009","06037301502",2550,0,0
"1010","06037301601",2257,15,0.664599025254763
"1011","06037301602",1597,32,2.00375704445836
"1012","06037301701",1063,25,2.35183443085607
"1013","06037301702",1916,0,0
"1014","06037301801",1705,9,0.527859237536657
"1015","06037301802",1317,126,9.56719817767654
"1016","06037301900",3030,84,2.77227722772277
"1017","06037302002",1646,48,2.91616038882138
"1018","06037302003",1324,27,2.0392749244713
"1019","06037302004",1613,30,1.8598884066956
"1020","06037302102",2510,21,0.836653386454183
"1021","06037302103",1921,15,0.780843310775638
"1022","06037302104",1473,10,0.678886625933469
"1023","06037302201",1545,29,1.87702265372168
"1024","06037302202",1779,0,0
"1025","06037302301",1334,43,3.22338830584708
"1026","06037302302",1760,28,1.59090909090909
"1027","06037302401",2171,0,0
"1028","06037302503",1437,0,0
"1029","06037302504",1470,0,0
"1030","06037302505",1307,48,3.672532517215
"1031","06037302506",1358,35,2.57731958762887
"1032","06037310100",1927,307,15.9314997405293
"1033","06037310201",2050,135,6.58536585365854
"1034","06037310202",1753,91,5.19110096976612
"1035","06037310300",984,107,10.8739837398374
"1036","06037310400",1321,56,4.23921271763815
"1037","06037310501",1103,42,3.80779691749773
"1038","06037310601",2302,60,2.60642919200695
"1039","06037310602",1046,132,12.6195028680688
"1040","06037310701",1120,16,1.42857142857143
"1041","06037310702",3392,136,4.00943396226415
"1042","06037310703",2027,19,0.93734583127775
"1043","06037310800",1971,140,7.10299340436327
"1044","06037310900",2442,160,6.55200655200655
"1045","06037311000",1435,93,6.4808362369338
"1046","06037311100",1311,21,1.60183066361556
"1047","06037311200",1145,20,1.74672489082969
"1048","06037311300",1400,130,9.28571428571429
"1049","06037311400",940,69,7.34042553191489
"1050","06037311500",2390,155,6.48535564853557
"1051","06037311600",3676,178,4.84221980413493
"1052","06037311700",2505,236,9.42115768463074
"1053","06037311801",1321,83,6.28311884935655
"1054","06037311802",1303,0,0
"1055","06037320000",0,0,NA
"1056","06037320100",1748,52,2.97482837528604
"1057","06037320201",1009,0,0
"1058","06037320202",1527,45,2.94695481335953
"1059","06037320300",1824,0,0
"1060","06037400204",2164,444,20.5175600739372
"1061","06037400205",1038,417,40.1734104046243
"1062","06037400206",1801,464,25.7634647418101
"1063","06037400207",1495,178,11.9063545150502
"1064","06037400302",1165,15,1.28755364806867
"1065","06037400304",2456,91,3.70521172638436
"1066","06037400402",1349,107,7.93180133432172
"1067","06037400403",1331,193,14.5003756574004
"1068","06037400404",1384,262,18.9306358381503
"1069","06037400501",688,243,35.3197674418605
"1070","06037400602",1321,38,2.87660862982589
"1071","06037400603",1742,68,3.90355912743972
"1072","06037400604",992,21,2.11693548387097
"1073","06037400800",804,44,5.4726368159204
"1074","06037400900",1348,40,2.9673590504451
"1075","06037401001",1019,121,11.8743866535819
"1076","06037401002",1639,134,8.17571690054912
"1077","06037401101",1862,85,4.56498388829216
"1078","06037401102",1048,15,1.43129770992366
"1079","06037401201",1084,137,12.6383763837638
"1080","06037401202",1304,103,7.89877300613497
"1081","06037401203",1646,41,2.49088699878493
"1082","06037401303",778,127,16.3239074550129
"1083","06037401304",2161,312,14.4377602961592
"1084","06037401311",2322,180,7.75193798449612
"1085","06037401312",1812,100,5.51876379690949
"1086","06037401500",1703,25,1.46799765120376
"1087","06037401601",2069,138,6.66988883518608
"1088","06037401602",1804,57,3.15964523281596
"1089","06037401603",1264,47,3.71835443037975
"1090","06037401701",1586,95,5.98991172761665
"1091","06037401703",1404,0,0
"1092","06037401704",1910,55,2.87958115183246
"1093","06037401800",2739,189,6.90032858707558
"1094","06037401901",165,0,0
"1095","06037401902",2605,234,8.98272552783109
"1096","06037402001",1103,0,0
"1097","06037402002",1505,72,4.78405315614618
"1098","06037402101",1096,7,0.638686131386861
"1099","06037402102",1230,0,0
"1100","06037402200",2122,66,3.11027332704995
"1101","06037402301",1284,0,0
"1102","06037402303",1096,0,0
"1103","06037402304",970,0,0
"1104","06037402402",1908,18,0.943396226415094
"1105","06037402403",1025,0,0
"1106","06037402404",4,0,0
"1107","06037402405",666,24,3.6036036036036
"1108","06037402406",1066,12,1.12570356472795
"1109","06037402501",1215,0,0
"1110","06037402502",1675,0,0
"1111","06037402600",2474,20,0.808407437348424
"1112","06037402702",1526,0,0
"1113","06037402703",1193,24,2.01173512154233
"1114","06037402705",892,4,0.448430493273543
"1115","06037402706",956,31,3.24267782426778
"1116","06037402801",1089,5,0.459136822773186
"1117","06037402803",713,0,0
"1118","06037402804",963,7,0.726895119418484
"1119","06037402902",1456,30,2.06043956043956
"1120","06037402903",980,20,2.04081632653061
"1121","06037402904",842,7,0.831353919239905
"1122","06037403000",1553,24,1.54539600772698
"1123","06037403200",0,0,NA
"1124","06037403303",757,28,3.69881109643329
"1125","06037403304",1577,129,8.18008877615726
"1126","06037403305",701,74,10.5563480741797
"1127","06037403312",1545,28,1.81229773462783
"1128","06037403316",2379,285,11.9798234552333
"1129","06037403317",1397,248,17.7523264137437
"1130","06037403318",1864,95,5.09656652360515
"1131","06037403319",1562,87,5.56978233034571
"1132","06037403320",1627,214,13.1530424093423
"1133","06037403321",1902,191,10.0420609884332
"1134","06037403322",1254,79,6.29984051036683
"1135","06037403323",1655,170,10.2719033232628
"1136","06037403324",2077,507,24.4102070293693
"1137","06037403325",1455,163,11.2027491408935
"1138","06037403401",1433,133,9.28122819260293
"1139","06037403402",958,77,8.03757828810021
"1140","06037403403",1473,382,25.9334691106585
"1141","06037403404",737,143,19.4029850746269
"1142","06037403405",485,84,17.319587628866
"1143","06037403406",787,44,5.59085133418043
"1144","06037403407",561,102,18.1818181818182
"1145","06037403408",1845,226,12.2493224932249
"1146","06037403500",635,89,14.0157480314961
"1147","06037403600",2066,197,9.53533397870281
"1148","06037403702",1112,60,5.39568345323741
"1149","06037403703",1424,112,7.86516853932584
"1150","06037403721",1556,38,2.44215938303342
"1151","06037403722",1592,58,3.64321608040201
"1152","06037403801",1870,16,0.855614973262032
"1153","06037403802",1927,52,2.69849507005708
"1154","06037403901",919,6,0.652883569096844
"1155","06037403902",1412,14,0.991501416430595
"1156","06037404000",1314,131,9.96955859969558
"1157","06037404100",1361,19,1.39603232916973
"1158","06037404201",958,7,0.730688935281837
"1159","06037404202",820,0,0
"1160","06037404301",1387,15,1.08147080028839
"1161","06037404302",561,0,0
"1162","06037404401",937,4,0.426894343649947
"1163","06037404402",1222,8,0.654664484451719
"1164","06037404501",579,0,0
"1165","06037404503",722,11,1.52354570637119
"1166","06037404504",1281,0,0
"1167","06037404600",365,0,0
"1168","06037404701",1279,10,0.781860828772478
"1169","06037404702",1399,25,1.78699070764832
"1170","06037404703",715,11,1.53846153846154
"1171","06037404801",1787,53,2.9658645775042
"1172","06037404802",1070,0,0
"1173","06037404803",417,0,0
"1174","06037404901",1254,6,0.478468899521531
"1175","06037404902",870,49,5.63218390804598
"1176","06037404903",601,0,0
"1177","06037405001",1340,14,1.04477611940299
"1178","06037405002",667,31,4.64767616191904
"1179","06037405101",1151,40,3.47523892267593
"1180","06037405102",1346,12,0.891530460624071
"1181","06037405201",1293,18,1.39211136890951
"1182","06037405202",1191,39,3.27455919395466
"1183","06037405203",734,17,2.31607629427793
"1184","06037405301",1055,12,1.13744075829384
"1185","06037405302",1473,30,2.03665987780041
"1186","06037405400",1309,10,0.763941940412529
"1187","06037405500",1940,50,2.57731958762887
"1188","06037405600",1542,15,0.972762645914397
"1189","06037405701",1010,0,0
"1190","06037405702",1464,0,0
"1191","06037405800",1613,8,0.495970241785493
"1192","06037405900",1177,75,6.37213254035684
"1193","06037406000",1508,59,3.91246684350133
"1194","06037406101",1100,25,2.27272727272727
"1195","06037406102",2185,52,2.37986270022883
"1196","06037406200",1723,65,3.77248984329658
"1197","06037406300",1693,213,12.5812167749557
"1198","06037406402",606,13,2.14521452145215
"1199","06037406411",523,34,6.50095602294455
"1200","06037406412",782,58,7.41687979539642
"1201","06037406500",1969,147,7.465718638903
"1202","06037406601",1496,54,3.6096256684492
"1203","06037406602",1247,24,1.92461908580593
"1204","06037406701",929,0,0
"1205","06037406702",1635,11,0.672782874617737
"1206","06037406800",1250,23,1.84
"1207","06037406901",1183,0,0
"1208","06037406902",831,20,2.40673886883273
"1209","06037407001",1146,4,0.349040139616056
"1210","06037407002",760,17,2.23684210526316
"1211","06037407101",1147,0,0
"1212","06037407102",1249,19,1.52121697357886
"1213","06037407200",1591,0,0
"1214","06037407301",1038,9,0.867052023121387
"1215","06037407302",722,0,0
"1216","06037407400",526,14,2.6615969581749
"1217","06037407501",1003,7,0.69790628115653
"1218","06037407502",817,0,0
"1219","06037407601",1167,31,2.65638389031705
"1220","06037407602",966,18,1.86335403726708
"1221","06037407701",1199,15,1.25104253544621
"1222","06037407702",1640,8,0.48780487804878
"1223","06037407801",1101,45,4.08719346049046
"1224","06037407802",823,1,0.121506682867558
"1225","06037407900",1423,46,3.23260716795502
"1226","06037408003",1184,32,2.7027027027027
"1227","06037408004",868,20,2.30414746543779
"1228","06037408005",1528,181,11.8455497382199
"1229","06037408006",1066,19,1.78236397748593
"1230","06037408133",1549,72,4.64816010329245
"1231","06037408134",838,77,9.18854415274463
"1232","06037408135",1211,62,5.11973575557391
"1233","06037408136",1016,0,0
"1234","06037408137",1252,6,0.479233226837061
"1235","06037408138",1319,0,0
"1236","06037408139",720,0,0
"1237","06037408140",743,0,0
"1238","06037408141",1108,15,1.35379061371841
"1239","06037408202",445,27,6.06741573033708
"1240","06037408211",1788,66,3.69127516778524
"1241","06037408212",1254,0,0
"1242","06037408301",1193,48,4.02347024308466
"1243","06037408302",1060,19,1.79245283018868
"1244","06037408303",1150,31,2.69565217391304
"1245","06037408401",1232,32,2.5974025974026
"1246","06037408402",1736,125,7.20046082949309
"1247","06037408501",795,1,0.125786163522013
"1248","06037408503",2002,169,8.44155844155844
"1249","06037408504",1538,50,3.25097529258778
"1250","06037408505",788,90,11.4213197969543
"1251","06037408623",996,39,3.91566265060241
"1252","06037408624",995,82,8.24120603015075
"1253","06037408625",1330,159,11.9548872180451
"1254","06037408626",1554,196,12.6126126126126
"1255","06037408627",884,107,12.10407239819
"1256","06037408628",1855,150,8.08625336927224
"1257","06037408629",961,72,7.49219562955255
"1258","06037408630",578,0,0
"1259","06037408631",1383,66,4.77223427331887
"1260","06037408703",1955,295,15.0895140664962
"1261","06037408704",1003,26,2.59222333000997
"1262","06037408705",1512,76,5.02645502645503
"1263","06037408706",496,89,17.9435483870968
"1264","06037408722",1196,121,10.1170568561873
"1265","06037408723",791,24,3.03413400758533
"1266","06037408724",1454,0,0
"1267","06037408800",1250,2,0.16
"1268","06037430002",2383,94,3.94460763743181
"1269","06037430003",1523,179,11.7531188443861
"1270","06037430101",1698,18,1.06007067137809
"1271","06037430102",1272,0,0
"1272","06037430200",370,89,24.0540540540541
"1273","06037430301",1610,313,19.4409937888199
"1274","06037430302",2463,280,11.3682501015022
"1275","06037430400",1504,417,27.7260638297872
"1276","06037430501",1664,319,19.1706730769231
"1277","06037430502",2905,279,9.60413080895009
"1278","06037430600",1391,558,40.1150251617541
"1279","06037430701",1966,309,15.7171922685656
"1280","06037430721",1173,70,5.96760443307758
"1281","06037430723",1710,43,2.51461988304094
"1282","06037430724",1973,26,1.31779016725798
"1283","06037430801",2295,134,5.83877995642702
"1284","06037430802",1432,152,10.6145251396648
"1285","06037430803",1770,290,16.3841807909604
"1286","06037430901",1560,13,0.833333333333333
"1287","06037430902",1653,25,1.5124016938899
"1288","06037431001",2639,0,0
"1289","06037431002",1254,49,3.90749601275917
"1290","06037431100",2050,85,4.14634146341463
"1291","06037431200",1505,0,0
"1292","06037431300",884,101,11.4253393665158
"1293","06037431400",1330,33,2.4812030075188
"1294","06037431501",1511,36,2.38252812706817
"1295","06037431502",1481,13,0.87778528021607
"1296","06037431600",1271,204,16.0503540519276
"1297","06037431700",2012,252,12.5248508946322
"1298","06037431800",1791,141,7.87269681742044
"1299","06037431900",1345,43,3.19702602230483
"1300","06037432000",2479,146,5.88947156111335
"1301","06037432101",1380,114,8.26086956521739
"1302","06037432102",1676,68,4.05727923627685
"1303","06037432201",1270,51,4.01574803149606
"1304","06037432202",1270,28,2.20472440944882
"1305","06037432300",1137,0,0
"1306","06037432401",974,27,2.77207392197125
"1307","06037432402",1698,42,2.47349823321555
"1308","06037432500",2226,54,2.42587601078167
"1309","06037432601",1636,23,1.40586797066015
"1310","06037432602",1183,0,0
"1311","06037432700",1195,0,0
"1312","06037432801",843,0,0
"1313","06037432802",1432,39,2.72346368715084
"1314","06037432901",1216,15,1.23355263157895
"1315","06037432902",879,10,1.13765642775882
"1316","06037433101",611,0,0
"1317","06037433102",1160,4,0.344827586206897
"1318","06037433200",1589,30,1.88797986154814
"1319","06037433302",398,0,0
"1320","06037433304",1320,10,0.757575757575758
"1321","06037433305",1141,16,1.4022787028922
"1322","06037433306",736,46,6.25
"1323","06037433307",761,20,2.6281208935611
"1324","06037433401",679,12,1.76730486008837
"1325","06037433402",1108,0,0
"1326","06037433403",1100,19,1.72727272727273
"1327","06037433501",510,0,0
"1328","06037433503",655,27,4.12213740458015
"1329","06037433504",1031,0,0
"1330","06037433601",1148,21,1.82926829268293
"1331","06037433602",761,0,0
"1332","06037433700",806,0,0
"1333","06037433801",1302,0,0
"1334","06037433802",707,30,4.24328147100424
"1335","06037433901",1235,0,0
"1336","06037433902",889,9,1.01237345331834
"1337","06037434001",983,26,2.64496439471007
"1338","06037434003",1003,17,1.69491525423729
"1339","06037434004",639,7,1.09546165884194
"1340","06037460000",1771,305,17.2219085262564
"1341","06037460100",2475,683,27.5959595959596
"1342","06037460200",2123,223,10.5040037682525
"1343","06037460301",1726,324,18.7717265353418
"1344","06037460302",1377,76,5.51924473493101
"1345","06037460401",330,8,2.42424242424242
"1346","06037460501",1906,729,38.2476390346275
"1347","06037460502",1439,574,39.8888116747741
"1348","06037460600",1518,420,27.6679841897233
"1349","06037460700",1586,833,52.5220680958386
"1350","06037460800",1326,589,44.4193061840121
"1351","06037460900",1910,21,1.09947643979058
"1352","06037461000",1703,44,2.58367586611861
"1353","06037461100",1644,71,4.31873479318735
"1354","06037461200",1684,394,23.396674584323
"1355","06037461300",2491,290,11.641910879165
"1356","06037461400",1296,74,5.70987654320988
"1357","06037461501",1274,72,5.65149136577708
"1358","06037461502",1632,22,1.34803921568627
"1359","06037461600",1672,32,1.91387559808612
"1360","06037461700",694,205,29.5389048991354
"1361","06037461901",1622,42,2.58939580764488
"1362","06037461902",934,77,8.2441113490364
"1363","06037462001",1211,0,0
"1364","06037462002",1072,53,4.94402985074627
"1365","06037462100",1648,88,5.33980582524272
"1366","06037462201",1853,0,0
"1367","06037462202",1514,47,3.10435931307794
"1368","06037462301",1872,30,1.6025641025641
"1369","06037462302",1359,50,3.67917586460633
"1370","06037462400",1653,238,14.3980641258318
"1371","06037462500",2191,354,16.1570059333638
"1372","06037462600",843,250,29.655990510083
"1373","06037462700",2079,123,5.91630591630592
"1374","06037462800",1137,102,8.97097625329815
"1375","06037462900",1370,146,10.6569343065693
"1376","06037463000",925,191,20.6486486486486
"1377","06037463101",838,28,3.34128878281623
"1378","06037463102",1128,218,19.3262411347518
"1379","06037463200",1369,143,10.445580715851
"1380","06037463300",865,145,16.7630057803468
"1381","06037463400",2542,301,11.8410700236035
"1382","06037463500",2467,187,7.58005674908796
"1383","06037463601",3322,176,5.29801324503311
"1384","06037463602",3277,217,6.62191028379616
"1385","06037463700",1137,325,28.5839929639402
"1386","06037463800",1646,614,37.3025516403402
"1387","06037463900",1591,337,21.1816467630421
"1388","06037464000",2698,640,23.7212750185322
"1389","06037464100",2425,993,40.9484536082474
"1390","06037464200",1971,531,26.9406392694064
"1391","06037480002",1120,178,15.8928571428571
"1392","06037480011",1829,72,3.93657736468015
"1393","06037480012",1670,55,3.2934131736527
"1394","06037480101",1270,68,5.35433070866142
"1395","06037480102",1357,94,6.92704495210022
"1396","06037480201",1348,235,17.433234421365
"1397","06037480202",888,156,17.5675675675676
"1398","06037480302",1666,69,4.14165666266507
"1399","06037480303",1436,24,1.67130919220056
"1400","06037480304",1656,44,2.65700483091787
"1401","06037480400",2168,168,7.74907749077491
"1402","06037480500",2131,537,25.199436884092
"1403","06037480600",3317,270,8.13988543864938
"1404","06037480702",1711,339,19.812974868498
"1405","06037480703",1247,184,14.7554129911788
"1406","06037480704",1948,200,10.2669404517454
"1407","06037480802",1046,78,7.45697896749522
"1408","06037480803",1196,42,3.51170568561873
"1409","06037480804",1922,63,3.27783558792924
"1410","06037480901",1527,10,0.654878847413229
"1411","06037480902",1411,0,0
"1412","06037480903",1012,21,2.07509881422925
"1413","06037481001",1365,40,2.93040293040293
"1414","06037481002",2034,75,3.68731563421829
"1415","06037481101",1426,0,0
"1416","06037481102",1369,60,4.3827611395179
"1417","06037481103",1482,72,4.8582995951417
"1418","06037481201",1182,59,4.99153976311337
"1419","06037481202",1900,0,0
"1420","06037481300",798,34,4.26065162907268
"1421","06037481401",1837,14,0.762112139357648
"1422","06037481402",2053,48,2.33804188991719
"1423","06037481500",1512,60,3.96825396825397
"1424","06037481603",1274,48,3.76766091051805
"1425","06037481604",1268,33,2.60252365930599
"1426","06037481605",1037,32,3.08582449373192
"1427","06037481606",1537,23,1.49642160052049
"1428","06037481711",1393,51,3.66116295764537
"1429","06037481712",1517,0,0
"1430","06037481713",725,14,1.93103448275862
"1431","06037481714",857,10,1.16686114352392
"1432","06037481800",914,100,10.9409190371991
"1433","06037481901",1921,122,6.35085892764185
"1434","06037481902",1201,13,1.08243130724396
"1435","06037482001",974,101,10.3696098562628
"1436","06037482002",2213,174,7.8626299141437
"1437","06037482101",1447,41,2.83344851416724
"1438","06037482102",895,43,4.80446927374302
"1439","06037482201",1201,65,5.41215653621982
"1440","06037482202",1429,95,6.6480055983205
"1441","06037482301",1313,7,0.533130236100533
"1442","06037482303",1562,16,1.02432778489117
"1443","06037482304",925,26,2.81081081081081
"1444","06037482401",924,51,5.51948051948052
"1445","06037482402",2118,59,2.78564683663834
"1446","06037482502",817,0,0
"1447","06037482503",949,0,0
"1448","06037482521",1486,69,4.64333781965007
"1449","06037482522",1461,22,1.50581793292266
"1450","06037482600",2236,78,3.48837209302326
"1451","06037482701",1297,35,2.69853508095605
"1452","06037482702",757,4,0.528401585204756
"1453","06037482800",1246,37,2.96950240770466
"1454","06037500100",1104,281,25.4528985507246
"1455","06037500201",1910,433,22.6701570680628
"1456","06037500202",1494,494,33.0655957161981
"1457","06037500300",1070,155,14.4859813084112
"1458","06037500402",1142,11,0.963222416812609
"1459","06037500403",1069,16,1.49672591206735
"1460","06037500404",1232,12,0.974025974025974
"1461","06037500500",904,0,0
"1462","06037500600",1434,0,0
"1463","06037500700",1666,76,4.56182472989196
"1464","06037500800",1377,22,1.59767610748003
"1465","06037500900",1533,22,1.43509458577952
"1466","06037501001",681,0,0
"1467","06037501002",1402,32,2.28245363766049
"1468","06037501200",1493,55,3.68385800401875
"1469","06037501300",2301,64,2.78139939156888
"1470","06037501400",1100,14,1.27272727272727
"1471","06037501501",826,123,14.8910411622276
"1472","06037501503",1881,29,1.54173312068049
"1473","06037501504",1581,22,1.39152435167615
"1474","06037501600",2295,294,12.8104575163399
"1475","06037501700",1291,96,7.43609604957397
"1476","06037501802",1187,47,3.95956192080876
"1477","06037501803",1507,0,0
"1478","06037501804",711,0,0
"1479","06037501900",1357,29,2.13706705969049
"1480","06037502003",811,0,0
"1481","06037502004",928,0,0
"1482","06037502005",1248,61,4.88782051282051
"1483","06037502100",1602,0,0
"1484","06037502200",1771,54,3.04912478825522
"1485","06037502301",1331,23,1.72802404207363
"1486","06037502302",696,33,4.74137931034483
"1487","06037502401",1304,31,2.37730061349693
"1488","06037502402",928,21,2.26293103448276
"1489","06037502500",1112,34,3.05755395683453
"1490","06037502601",1844,24,1.30151843817787
"1491","06037502602",1296,22,1.69753086419753
"1492","06037502700",1802,0,0
"1493","06037502801",1689,54,3.19715808170515
"1494","06037502802",794,0,0
"1495","06037502901",1362,12,0.881057268722467
"1496","06037502902",887,0,0
"1497","06037503000",1234,0,0
"1498","06037503103",1062,8,0.753295668549906
"1499","06037503104",609,24,3.94088669950739
"1500","06037503105",1002,0,0
"1501","06037503106",1098,18,1.63934426229508
"1502","06037503201",1162,26,2.23752151462995
"1503","06037503202",1294,15,1.15919629057187
"1504","06037503301",1036,56,5.40540540540541
"1505","06037503302",1922,32,1.66493236212279
"1506","06037503401",2263,31,1.36986301369863
"1507","06037503402",1404,14,0.997150997150997
"1508","06037503501",1981,81,4.08884401817264
"1509","06037503502",1253,0,0
"1510","06037503601",1175,24,2.04255319148936
"1511","06037503602",1191,111,9.31989924433249
"1512","06037503701",1702,65,3.81903642773208
"1513","06037503702",1581,85,5.37634408602151
"1514","06037503703",2939,231,7.85981626403539
"1515","06037503801",1207,69,5.71665285832643
"1516","06037503802",1454,67,4.60797799174691
"1517","06037503901",799,51,6.38297872340426
"1518","06037503902",1364,79,5.79178885630498
"1519","06037504001",1023,38,3.71456500488759
"1520","06037504002",1598,43,2.69086357947434
"1521","06037504101",1402,36,2.56776034236805
"1522","06037504102",0,0,NA
"1523","06037530003",888,76,8.55855855855856
"1524","06037530004",1143,18,1.5748031496063
"1525","06037530005",1488,187,12.5672043010753
"1526","06037530006",1379,14,1.01522842639594
"1527","06037530101",1647,7,0.42501517911354
"1528","06037530102",1639,16,0.976205003050641
"1529","06037530202",1240,24,1.93548387096774
"1530","06037530203",1002,5,0.499001996007984
"1531","06037530204",1042,12,1.15163147792706
"1532","06037530301",591,6,1.01522842639594
"1533","06037530302",1861,24,1.28962923159592
"1534","06037530400",1181,15,1.2701100762066
"1535","06037530500",1193,0,0
"1536","06037530601",829,11,1.32689987937274
"1537","06037530602",398,0,0
"1538","06037530700",483,0,0
"1539","06037530801",1476,0,0
"1540","06037530802",846,0,0
"1541","06037530901",921,0,0
"1542","06037530902",1106,0,0
"1543","06037531000",1264,0,0
"1544","06037531101",1250,7,0.56
"1545","06037531102",885,0,0
"1546","06037531201",1244,0,0
"1547","06037531202",1118,7,0.626118067978533
"1548","06037531301",1276,0,0
"1549","06037531302",1452,0,0
"1550","06037531502",800,0,0
"1551","06037531503",773,0,0
"1552","06037531504",1096,0,0
"1553","06037531602",1160,0,0
"1554","06037531603",858,6,0.699300699300699
"1555","06037531604",859,26,3.0267753201397
"1556","06037531701",1327,0,0
"1557","06037531702",1219,0,0
"1558","06037531800",1183,0,0
"1559","06037531901",1711,0,0
"1560","06037531902",1138,0,0
"1561","06037532001",1104,6,0.543478260869565
"1562","06037532002",809,0,0
"1563","06037532101",1712,18,1.05140186915888
"1564","06037532102",978,0,0
"1565","06037532200",1790,7,0.391061452513967
"1566","06037532302",1048,5,0.477099236641221
"1567","06037532303",1240,39,3.14516129032258
"1568","06037532304",1008,0,0
"1569","06037532400",19,0,0
"1570","06037532500",1064,31,2.91353383458647
"1571","06037532603",754,0,0
"1572","06037532604",653,0,0
"1573","06037532605",1085,0,0
"1574","06037532606",1199,7,0.583819849874896
"1575","06037532700",591,0,0
"1576","06037532800",893,7,0.783874580067189
"1577","06037532900",1533,0,0
"1578","06037533001",939,0,0
"1579","06037533002",640,4,0.625
"1580","06037533103",849,12,1.41342756183746
"1581","06037533104",1230,0,0
"1582","06037533105",588,0,0
"1583","06037533106",385,0,0
"1584","06037533107",948,6,0.632911392405063
"1585","06037533201",627,0,0
"1586","06037533202",620,0,0
"1587","06037533203",393,0,0
"1588","06037533300",806,0,0
"1589","06037533401",1144,0,0
"1590","06037533402",1005,0,0
"1591","06037533403",696,0,0
"1592","06037533501",725,35,4.82758620689655
"1593","06037533502",504,0,0
"1594","06037533503",430,20,4.65116279069767
"1595","06037533601",1127,0,0
"1596","06037533602",1404,0,0
"1597","06037533603",1638,0,0
"1598","06037533701",978,0,0
"1599","06037533702",836,0,0
"1600","06037533703",991,11,1.10998990918264
"1601","06037533803",1589,0,0
"1602","06037533804",1190,0,0
"1603","06037533805",940,6,0.638297872340425
"1604","06037533806",1015,0,0
"1605","06037533901",1454,6,0.412654745529574
"1606","06037533902",944,0,0
"1607","06037534001",1278,0,0
"1608","06037534002",1007,9,0.893743793445879
"1609","06037534101",517,0,0
"1610","06037534102",1483,0,0
"1611","06037534201",1078,0,0
"1612","06037534202",1298,16,1.2326656394453
"1613","06037534203",869,7,0.805523590333717
"1614","06037534301",1134,0,0
"1615","06037534302",857,11,1.28354725787631
"1616","06037534403",744,10,1.34408602150538
"1617","06037534404",968,13,1.34297520661157
"1618","06037534405",899,0,0
"1619","06037534406",1014,0,0
"1620","06037534501",1263,33,2.61282660332542
"1621","06037534502",1034,0,0
"1622","06037534700",843,0,0
"1623","06037534802",666,20,3.003003003003
"1624","06037534803",1147,0,0
"1625","06037534804",892,0,0
"1626","06037534900",1496,0,0
"1627","06037535001",956,0,0
"1628","06037535002",740,27,3.64864864864865
"1629","06037535101",1688,25,1.48104265402844
"1630","06037535102",956,12,1.25523012552301
"1631","06037535200",1242,0,0
"1632","06037535300",1445,0,0
"1633","06037535400",715,0,0
"1634","06037535501",1016,0,0
"1635","06037535502",1209,0,0
"1636","06037535503",603,19,3.15091210613599
"1637","06037535603",887,0,0
"1638","06037535604",1029,0,0
"1639","06037535605",1121,0,0
"1640","06037535606",509,12,2.35756385068762
"1641","06037535607",1012,0,0
"1642","06037535701",1536,14,0.911458333333333
"1643","06037535702",1355,16,1.18081180811808
"1644","06037535802",1746,9,0.515463917525773
"1645","06037535803",1081,9,0.832562442183164
"1646","06037535804",1342,0,0
"1647","06037535901",1441,14,0.971547536433033
"1648","06037535902",1580,26,1.64556962025316
"1649","06037536000",1005,0,0
"1650","06037536102",1033,42,4.06582768635044
"1651","06037536103",1499,0,0
"1652","06037536104",1004,0,0
"1653","06037536200",1917,49,2.55607720396453
"1654","06037540000",1553,0,0
"1655","06037540101",1448,0,0
"1656","06037540102",1496,8,0.53475935828877
"1657","06037540201",584,0,0
"1658","06037540202",1700,8,0.470588235294118
"1659","06037540203",1302,8,0.614439324116744
"1660","06037540300",1178,0,0
"1661","06037540400",437,0,0
"1662","06037540501",1063,0,0
"1663","06037540502",1427,0,0
"1664","06037540600",974,4,0.410677618069815
"1665","06037540700",775,0,0
"1666","06037540800",1527,56,3.66732154551408
"1667","06037540901",1138,0,0
"1668","06037540902",1437,9,0.626304801670146
"1669","06037541001",297,12,4.04040404040404
"1670","06037541002",1007,0,0
"1671","06037541100",881,7,0.794551645856981
"1672","06037541200",1795,13,0.724233983286908
"1673","06037541300",1457,27,1.85312285518188
"1674","06037541400",1609,0,0
"1675","06037541500",1229,0,0
"1676","06037541603",623,0,0
"1677","06037541604",1420,0,0
"1678","06037541605",1222,0,0
"1679","06037541606",550,0,0
"1680","06037541700",1372,8,0.583090379008746
"1681","06037541801",1095,13,1.18721461187215
"1682","06037541802",1153,0,0
"1683","06037542000",1145,7,0.611353711790393
"1684","06037542103",800,15,1.875
"1685","06037542104",690,9,1.30434782608696
"1686","06037542105",1024,17,1.66015625
"1687","06037542106",612,0,0
"1688","06037542200",1540,19,1.23376623376623
"1689","06037542401",1217,28,2.30073952341824
"1690","06037542402",781,0,0
"1691","06037542501",1118,9,0.805008944543828
"1692","06037542502",1197,0,0
"1693","06037542601",659,0,0
"1694","06037542602",1340,7,0.522388059701493
"1695","06037542700",1206,8,0.66334991708126
"1696","06037542800",938,0,0
"1697","06037542900",731,0,0
"1698","06037543000",1257,9,0.715990453460621
"1699","06037543100",1732,26,1.50115473441109
"1700","06037543201",949,0,0
"1701","06037543202",1140,0,0
"1702","06037543304",1926,61,3.16718587746625
"1703","06037543305",998,37,3.70741482965932
"1704","06037543306",1960,79,4.03061224489796
"1705","06037543321",1762,79,4.48354143019296
"1706","06037543322",2056,164,7.97665369649805
"1707","06037543400",973,52,5.34429599177801
"1708","06037543501",1997,87,4.35653480220331
"1709","06037543502",1331,78,5.86025544703231
"1710","06037543503",1688,59,3.49526066350711
"1711","06037543601",1049,26,2.47855100095329
"1712","06037543602",2537,115,4.53291288923926
"1713","06037543603",1485,63,4.24242424242424
"1714","06037543604",1348,28,2.07715133531157
"1715","06037543701",651,51,7.83410138248848
"1716","06037543702",1765,12,0.679886685552408
"1717","06037543703",953,64,6.71563483735572
"1718","06037543801",1448,46,3.1767955801105
"1719","06037543802",1885,13,0.689655172413793
"1720","06037543903",957,14,1.46290491118077
"1721","06037543905",971,16,1.64778578784758
"1722","06037544001",1198,53,4.42404006677796
"1723","06037544002",796,78,9.79899497487437
"1724","06037550000",163,0,0
"1725","06037550100",1837,19,1.03429504627109
"1726","06037550201",808,19,2.35148514851485
"1727","06037550202",1405,32,2.27758007117438
"1728","06037550300",1991,30,1.50678051230537
"1729","06037550400",404,23,5.69306930693069
"1730","06037550500",2301,276,11.9947848761408
"1731","06037550601",1607,89,5.53827006845053
"1732","06037550602",1232,91,7.38636363636364
"1733","06037550700",1915,81,4.22976501305483
"1734","06037550800",2171,95,4.37586365730078
"1735","06037550901",1278,14,1.09546165884194
"1736","06037550902",1792,18,1.00446428571429
"1737","06037551000",2195,211,9.6127562642369
"1738","06037551101",1159,42,3.62381363244176
"1739","06037551102",1632,0,0
"1740","06037551201",1089,3,0.275482093663912
"1741","06037551202",2110,9,0.42654028436019
"1742","06037551300",1772,0,0
"1743","06037551401",1415,26,1.83745583038869
"1744","06037551402",1205,25,2.0746887966805
"1745","06037551501",1460,0,0
"1746","06037551502",1232,9,0.73051948051948
"1747","06037551600",0,0,NA
"1748","06037551700",1691,0,0
"1749","06037551800",2243,17,0.757913508693714
"1750","06037551900",1458,11,0.754458161865569
"1751","06037552001",977,58,5.93654042988741
"1752","06037552002",984,17,1.72764227642276
"1753","06037552100",1832,16,0.873362445414847
"1754","06037552200",1763,10,0.567214974475326
"1755","06037552301",1234,57,4.61912479740681
"1756","06037552302",1156,22,1.90311418685121
"1757","06037552400",546,0,0
"1758","06037552601",1120,0,0
"1759","06037552602",1093,45,4.11710887465691
"1760","06037552700",1705,7,0.410557184750733
"1761","06037552800",1603,49,3.05676855895197
"1762","06037552900",1947,47,2.41397021058038
"1763","06037553000",1202,0,0
"1764","06037553100",1911,44,2.30245944531659
"1765","06037553200",1960,62,3.16326530612245
"1766","06037553300",936,51,5.44871794871795
"1767","06037553400",964,18,1.86721991701245
"1768","06037553502",1217,0,0
"1769","06037553503",786,0,0
"1770","06037553504",1274,10,0.784929356357928
"1771","06037553601",1213,35,2.88540807914262
"1772","06037553602",1146,0,0
"1773","06037553701",889,0,0
"1774","06037553702",1047,19,1.81470869149952
"1775","06037553801",1024,4,0.390625
"1776","06037553802",1849,5,0.270416441319632
"1777","06037553901",1693,8,0.472533963378618
"1778","06037553902",1531,0,0
"1779","06037554001",1179,5,0.424088210347752
"1780","06037554002",1721,36,2.0918070889018
"1781","06037554101",1023,0,0
"1782","06037554103",442,0,0
"1783","06037554104",759,5,0.658761528326746
"1784","06037554105",1581,0,0
"1785","06037554201",1114,19,1.70556552962298
"1786","06037554203",1126,20,1.77619893428064
"1787","06037554204",1530,0,0
"1788","06037554301",967,11,1.13753877973113
"1789","06037554302",1077,0,0
"1790","06037554403",1646,25,1.51883353584447
"1791","06037554404",1347,2,0.148478099480327
"1792","06037554405",1246,0,0
"1793","06037554406",1692,92,5.43735224586288
"1794","06037554511",1185,125,10.5485232067511
"1795","06037554512",1802,221,12.2641509433962
"1796","06037554513",790,36,4.55696202531646
"1797","06037554514",1424,95,6.67134831460674
"1798","06037554515",1069,65,6.08044901777362
"1799","06037554516",1130,107,9.46902654867257
"1800","06037554517",1490,167,11.2080536912752
"1801","06037554518",1601,142,8.86945658963148
"1802","06037554519",1143,215,18.8101487314086
"1803","06037554521",1892,154,8.13953488372093
"1804","06037554522",1440,178,12.3611111111111
"1805","06037554600",1290,28,2.17054263565891
"1806","06037554700",1002,13,1.29740518962076
"1807","06037554801",739,11,1.48849797023004
"1808","06037554802",1838,87,4.73340587595212
"1809","06037554900",2034,64,3.14650934119961
"1810","06037555001",1543,99,6.41607258587168
"1811","06037555002",1030,26,2.52427184466019
"1812","06037555102",2015,32,1.58808933002481
"1813","06037555103",1343,28,2.08488458674609
"1814","06037555104",1360,37,2.72058823529412
"1815","06037555202",1171,200,17.0794192997438
"1816","06037555211",1289,0,0
"1817","06037555212",1291,0,0
"1818","06037570001",1417,27,1.90543401552576
"1819","06037570002",857,31,3.61726954492415
"1820","06037570003",1412,43,3.04532577903683
"1821","06037570100",739,33,4.46549391069012
"1822","06037570202",1549,18,1.16204002582311
"1823","06037570203",1145,0,0
"1824","06037570204",1012,0,0
"1825","06037570301",2081,0,0
"1826","06037570303",1145,0,0
"1827","06037570304",1408,16,1.13636363636364
"1828","06037570402",918,0,0
"1829","06037570403",1056,0,0
"1830","06037570404",838,68,8.1145584725537
"1831","06037570501",2185,137,6.27002288329519
"1832","06037570502",1755,36,2.05128205128205
"1833","06037570601",1479,19,1.28465179175118
"1834","06037570602",1789,19,1.06204583566238
"1835","06037570603",1545,5,0.323624595469256
"1836","06037570701",2475,63,2.54545454545455
"1837","06037570702",831,23,2.76774969915764
"1838","06037570800",1785,68,3.80952380952381
"1839","06037570901",1854,67,3.61380798274002
"1840","06037570902",1225,61,4.97959183673469
"1841","06037571000",1939,56,2.88808664259928
"1842","06037571101",1553,74,4.76497102382486
"1843","06037571102",1329,36,2.70880361173815
"1844","06037571200",2987,259,8.6709072648142
"1845","06037571300",1447,124,8.56945404284727
"1846","06037571400",1617,50,3.09214594928881
"1847","06037571502",1754,54,3.07867730900798
"1848","06037571503",1184,25,2.11148648648649
"1849","06037571504",1742,31,1.77956371986223
"1850","06037571600",745,0,0
"1851","06037571701",1640,19,1.15853658536585
"1852","06037571703",1093,0,0
"1853","06037571704",1094,0,0
"1854","06037571800",1353,346,25.5728011825573
"1855","06037571900",2382,304,12.7623845507976
"1856","06037572001",2139,135,6.31136044880785
"1857","06037572002",1719,64,3.72309482257126
"1858","06037572100",309,33,10.6796116504854
"1859","06037572201",2082,57,2.73775216138329
"1860","06037572202",1063,75,7.0555032925682
"1861","06037572301",914,0,0
"1862","06037572302",818,50,6.11246943765281
"1863","06037572400",288,19,6.59722222222222
"1864","06037572500",1191,5,0.419815281276238
"1865","06037572600",1280,25,1.953125
"1866","06037572700",1305,9,0.689655172413793
"1867","06037572800",323,0,0
"1868","06037572900",1312,22,1.67682926829268
"1869","06037573002",1068,0,0
"1870","06037573003",653,25,3.82848392036753
"1871","06037573004",1458,0,0
"1872","06037573100",2399,58,2.41767403084619
"1873","06037573201",1246,0,0
"1874","06037573202",1438,0,0
"1875","06037573300",976,8,0.819672131147541
"1876","06037573401",543,7,1.28913443830571
"1877","06037573402",2233,113,5.06045678459472
"1878","06037573403",1340,138,10.2985074626866
"1879","06037573601",2266,105,4.63371579876434
"1880","06037573700",1722,162,9.40766550522648
"1881","06037573800",1525,93,6.0983606557377
"1882","06037573902",881,141,16.0045402951192
"1883","06037574000",1946,148,7.60534429599178
"1884","06037574100",1914,120,6.26959247648903
"1885","06037574201",1112,38,3.41726618705036
"1886","06037574202",702,14,1.99430199430199
"1887","06037574300",2094,260,12.4164278892073
"1888","06037574400",1895,198,10.4485488126649
"1889","06037574500",2242,262,11.685994647636
"1890","06037574601",0,0,NA
"1891","06037574602",567,134,23.6331569664903
"1892","06037574700",0,0,NA
"1893","06037574800",1403,276,19.672131147541
"1894","06037574901",1437,94,6.54140570633264
"1895","06037574902",1796,17,0.946547884187082
"1896","06037575001",1621,17,1.04873534855028
"1897","06037575002",1959,57,2.90964777947933
"1898","06037575101",1408,0,0
"1899","06037575102",1215,0,0
"1900","06037575103",1927,7,0.363258951738454
"1901","06037575201",1311,14,1.06788710907704
"1902","06037575202",1221,13,1.06470106470106
"1903","06037575300",1224,16,1.30718954248366
"1904","06037575401",1169,0,0
"1905","06037575402",1039,0,0
"1906","06037575500",10,0,0
"1907","06037575801",666,0,0
"1908","06037575802",1513,8,0.528750826173166
"1909","06037575803",1130,0,0
"1910","06037575901",1217,14,1.15036976170912
"1911","06037575902",2634,45,1.70842824601367
"1912","06037576001",2849,191,6.7041067041067
"1913","06037576200",2768,19,0.686416184971098
"1914","06037576301",1567,84,5.36056158264199
"1915","06037576302",1204,0,0
"1916","06037576401",1153,23,1.99479618386817
"1917","06037576402",1297,0,0
"1918","06037576403",1464,0,0
"1919","06037576501",1483,60,4.04585300067431
"1920","06037576502",2077,54,2.5999037072701
"1921","06037576503",1782,17,0.953984287317621
"1922","06037576601",2790,128,4.58781362007168
"1923","06037576602",2529,106,4.19137999209174
"1924","06037576700",2186,94,4.30009149130833
"1925","06037576801",1884,24,1.27388535031847
"1926","06037576802",1910,57,2.98429319371728
"1927","06037576901",1732,22,1.270207852194
"1928","06037576903",1375,0,0
"1929","06037576904",1195,0,0
"1930","06037577000",3010,94,3.12292358803987
"1931","06037577100",3245,281,8.65947611710324
"1932","06037577200",3205,173,5.39781591263651
"1933","06037577300",3085,192,6.22366288492707
"1934","06037577400",1628,148,9.09090909090909
"1935","06037577501",1623,365,22.4892174984596
"1936","06037577504",744,110,14.7849462365591
"1937","06037577602",1662,298,17.9302045728039
"1938","06037577603",3752,620,16.5245202558635
"1939","06037577604",710,48,6.76056338028169
"1940","06037599000",1235,54,4.37246963562753
"1941","06037599100",124,12,9.67741935483871
"1942","06037600100",1945,11,0.565552699228792
"1943","06037600201",1181,11,0.931414055884843
"1944","06037600202",2125,0,0
"1945","06037600302",1064,0,0
"1946","06037600303",1144,0,0
"1947","06037600304",886,0,0
"1948","06037600400",1522,40,2.6281208935611
"1949","06037600501",933,0,0
"1950","06037600502",654,18,2.75229357798165
"1951","06037600601",824,23,2.79126213592233
"1952","06037600602",681,0,0
"1953","06037600702",1293,45,3.48027842227378
"1954","06037600703",931,18,1.93340494092374
"1955","06037600704",1237,41,3.31447049312854
"1956","06037600801",1265,43,3.39920948616601
"1957","06037600802",1209,91,7.52688172043011
"1958","06037600902",2496,46,1.84294871794872
"1959","06037600911",1089,20,1.83654729109275
"1960","06037600912",1471,15,1.01971447994562
"1961","06037601001",1024,2,0.1953125
"1962","06037601002",2125,31,1.45882352941176
"1963","06037601100",2147,0,0
"1964","06037601202",1068,10,0.936329588014981
"1965","06037601211",1119,0,0
"1966","06037601212",2056,12,0.583657587548638
"1967","06037601301",759,82,10.8036890645586
"1968","06037601302",2889,15,0.519210799584631
"1969","06037601303",2109,18,0.85348506401138
"1970","06037601401",1491,41,2.74983232729712
"1971","06037601402",1379,17,1.23277737490935
"1972","06037601501",1064,0,0
"1973","06037601502",873,18,2.06185567010309
"1974","06037601600",1033,0,0
"1975","06037601700",1353,8,0.591278640059128
"1976","06037601801",866,17,1.96304849884527
"1977","06037601802",994,0,0
"1978","06037601900",1299,0,0
"1979","06037602002",827,44,5.32043530834341
"1980","06037602003",1251,0,0
"1981","06037602004",984,26,2.64227642276423
"1982","06037602103",2085,21,1.00719424460432
"1983","06037602104",1754,49,2.79361459521095
"1984","06037602105",1372,0,0
"1985","06037602106",2178,0,0
"1986","06037602200",2454,82,3.34148329258354
"1987","06037602301",1864,45,2.41416309012876
"1988","06037602302",1344,186,13.8392857142857
"1989","06037602402",2129,75,3.52278064819164
"1990","06037602403",1792,19,1.06026785714286
"1991","06037602404",1963,27,1.37544574630667
"1992","06037602504",1670,31,1.8562874251497
"1993","06037602505",1592,0,0
"1994","06037602506",1652,0,0
"1995","06037602507",1579,0,0
"1996","06037602508",2360,11,0.466101694915254
"1997","06037602509",1084,22,2.02952029520295
"1998","06037602600",2851,99,3.47246580147317
"1999","06037602700",1104,7,0.634057971014493
"2000","06037602801",1115,10,0.896860986547085
"2001","06037602802",1254,51,4.06698564593301
"2002","06037602900",1249,10,0.800640512409928
"2003","06037603001",2423,24,0.990507635163021
"2004","06037603004",688,6,0.872093023255814
"2005","06037603005",1747,10,0.572409845449342
"2006","06037603006",941,8,0.850159404888417
"2007","06037603101",1609,23,1.42945929148539
"2008","06037603102",1417,38,2.68172194777699
"2009","06037603200",1108,34,3.06859205776173
"2010","06037603301",1606,37,2.30386052303861
"2011","06037603302",1575,42,2.66666666666667
"2012","06037603400",1420,16,1.12676056338028
"2013","06037603500",945,22,2.32804232804233
"2014","06037603600",1392,75,5.38793103448276
"2015","06037603702",1646,56,3.40218712029162
"2016","06037603703",832,46,5.52884615384615
"2017","06037603704",2043,8,0.391581008321096
"2018","06037603801",1334,62,4.64767616191904
"2019","06037603802",1154,38,3.29289428076256
"2020","06037603900",2412,10,0.414593698175788
"2021","06037604001",1276,16,1.25391849529781
"2022","06037604002",1523,17,1.11621799080762
"2023","06037604100",1989,6,0.301659125188537
"2024","06037609900",660,25,3.78787878787879
"2025","06037620001",1508,163,10.8090185676393
"2026","06037620002",1542,252,16.3424124513619
"2027","06037620101",2241,230,10.2632753235163
"2028","06037620102",1665,160,9.60960960960961
"2029","06037620201",744,186,25
"2030","06037620301",1712,712,41.588785046729
"2031","06037620303",1717,560,32.6150262085032
"2032","06037620305",2854,648,22.7049754730203
"2033","06037620400",2080,606,29.1346153846154
"2034","06037620501",2091,422,20.181731229077
"2035","06037620521",1669,209,12.5224685440383
"2036","06037620522",1791,370,20.6588498045784
"2037","06037620601",2412,220,9.12106135986733
"2038","06037620602",2049,332,16.2030258662762
"2039","06037620701",2801,645,23.0274901820778
"2040","06037620702",2644,538,20.3479576399395
"2041","06037620800",2849,820,28.7820287820288
"2042","06037620901",975,475,48.7179487179487
"2043","06037620904",1158,332,28.6701208981002
"2044","06037621001",2001,519,25.9370314842579
"2045","06037621002",516,105,20.3488372093023
"2046","06037621004",2305,474,20.5639913232104
"2047","06037621102",1239,236,19.047619047619
"2048","06037621104",3259,634,19.4538201902424
"2049","06037621201",2624,502,19.1310975609756
"2050","06037621204",1929,141,7.3094867807154
"2051","06037621301",3071,457,14.8811462064474
"2052","06037621324",1990,259,13.0150753768844
"2053","06037621326",1804,183,10.1441241685144
"2054","06037621400",1894,367,19.376979936642
"2055","06037650001",2145,138,6.43356643356643
"2056","06037650003",1162,46,3.95869191049914
"2057","06037650004",1596,19,1.19047619047619
"2058","06037650101",2056,85,4.13424124513619
"2059","06037650102",779,15,1.92554557124519
"2060","06037650200",1842,83,4.50597176981542
"2061","06037650300",2424,132,5.44554455445545
"2062","06037650401",1465,190,12.9692832764505
"2063","06037650501",1090,75,6.88073394495413
"2064","06037650502",1511,176,11.6479152878888
"2065","06037650602",3001,183,6.09796734421859
"2066","06037650603",1590,145,9.11949685534591
"2067","06037650604",2450,82,3.3469387755102
"2068","06037650605",1111,80,7.2007200720072
"2069","06037650701",920,85,9.23913043478261
"2070","06037650702",1570,172,10.9554140127389
"2071","06037650800",2876,190,6.60639777468707
"2072","06037650901",2479,102,4.11456232351755
"2073","06037650902",2589,84,3.24449594438007
"2074","06037651001",1875,192,10.24
"2075","06037651002",1698,170,10.0117785630153
"2076","06037651101",1904,164,8.61344537815126
"2077","06037651102",1703,45,2.64239577216676
"2078","06037651201",1713,270,15.7618213660245
"2079","06037651221",1317,52,3.94836750189825
"2080","06037651222",2343,205,8.74946649594537
"2081","06037651302",2443,426,17.4375767498977
"2082","06037651304",2294,242,10.5492589363557
"2083","06037651401",1069,34,3.18054256314312
"2084","06037651402",2325,224,9.63440860215054
"2085","06037670001",1202,41,3.41098169717138
"2086","06037670002",1411,33,2.33876683203402
"2087","06037670003",2194,43,1.95989061075661
"2088","06037670100",2761,218,7.89568996740311
"2089","06037670201",1558,469,30.1026957637997
"2090","06037670202",920,299,32.5
"2091","06037670324",1984,620,31.25
"2092","06037670326",1354,650,48.0059084194978
"2093","06037670328",1613,719,44.5753254804712
"2094","06037670403",914,278,30.4157549234136
"2095","06037670405",1144,297,25.9615384615385
"2096","06037670406",642,228,35.5140186915888
"2097","06037670407",2178,310,14.2332415059688
"2098","06037670411",1491,436,29.2421193829645
"2099","06037670413",1766,441,24.9716874292186
"2100","06037670416",1471,284,19.306594153637
"2101","06037670500",609,332,54.5155993431855
"2102","06037670602",2831,868,30.6605439773931
"2103","06037670701",2496,322,12.900641025641
"2104","06037670702",1945,856,44.0102827763496
"2105","06037700101",3253,183,5.62557639102367
"2106","06037700102",2372,92,3.87858347386172
"2107","06037700200",4385,322,7.34321550741163
"2108","06037700300",3754,138,3.67607884922749
"2109","06037700400",3101,256,8.25540148339245
"2110","06037700501",2485,249,10.0201207243461
"2111","06037700502",3099,351,11.3262342691191
"2112","06037700600",1717,922,53.6983110075713
"2113","06037700700",1112,533,47.931654676259
"2114","06037700801",2657,305,11.4791117802032
"2115","06037700802",1835,208,11.3351498637602
"2116","06037700901",1550,111,7.16129032258065
"2117","06037700902",3049,444,14.5621515250902
"2118","06037701000",2623,553,21.0827296988181
"2119","06037701100",22,3,13.6363636363636
"2120","06037701201",1577,745,47.2415979708307
"2121","06037701202",1768,318,17.9864253393665
"2122","06037701302",2801,260,9.28239914316316
"2123","06037701304",3304,1014,30.6900726392252
"2124","06037701402",4196,437,10.4146806482364
"2125","06037701501",2684,190,7.07898658718331
"2126","06037701502",1930,140,7.25388601036269
"2127","06037701601",1870,480,25.668449197861
"2128","06037701602",1972,225,11.4097363083164
"2129","06037701701",1761,89,5.05394662123793
"2130","06037701702",1654,77,4.65538089480048
"2131","06037701801",2512,174,6.92675159235669
"2132","06037701802",1787,50,2.79798545047566
"2133","06037701902",2540,191,7.51968503937008
"2134","06037702002",3106,403,12.9748873148744
"2135","06037702102",3810,591,15.511811023622
"2136","06037702201",2239,195,8.70924519874944
"2137","06037702202",1735,280,16.1383285302594
"2138","06037702300",2976,399,13.4072580645161
"2139","06037702400",1855,211,11.3746630727763
"2140","06037702501",2064,362,17.5387596899225
"2141","06037702502",2144,170,7.92910447761194
"2142","06037702600",2342,272,11.6140051238258
"2143","06037702700",1275,300,23.5294117647059
"2144","06037702801",2053,175,8.52411105698977
"2145","06037702802",824,81,9.83009708737864
"2146","06037702803",1180,122,10.3389830508475
"2147","06037702901",5514,573,10.3917301414581
"2148","06037703001",3157,152,4.81469749762433
"2149","06037703002",2983,438,14.683204827355
"2150","06037703100",2386,247,10.3520536462699
"2151","06037703200",2223,411,18.4885290148448
"2152","06037800101",1931,627,32.4702226825479
"2153","06037800102",2678,844,31.5160567587752
"2154","06037800202",1993,857,43.0005017561465
"2155","06037800203",1923,668,34.7373894955798
"2156","06037800204",1636,639,39.0586797066015
"2157","06037800324",2481,523,21.0802095929061
"2158","06037800325",1390,232,16.6906474820144
"2159","06037800326",2014,502,24.9255213505462
"2160","06037800327",1983,386,19.4654563792234
"2161","06037800328",954,146,15.3039832285115
"2162","06037800329",2511,456,18.1600955794504
"2163","06037800330",337,89,26.4094955489614
"2164","06037800331",246,63,25.609756097561
"2165","06037800332",2225,659,29.6179775280899
"2166","06037800406",815,216,26.5030674846626
"2167","06037800408",2849,1059,37.1709371709372
"2168","06037800410",608,231,37.9934210526316
"2169","06037800504",1010,304,30.0990099009901
"2170","06037800506",1361,441,32.4026451138868
"2171","06037900102",279,0,0
"2172","06037900103",1570,13,0.828025477707006
"2173","06037900104",1612,55,3.41191066997519
"2174","06037900201",392,4,1.02040816326531
"2175","06037900300",1185,13,1.09704641350211
"2176","06037900501",1809,36,1.99004975124378
"2177","06037900504",1607,15,0.933416303671437
"2178","06037900505",1242,21,1.69082125603865
"2179","06037900506",1288,7,0.543478260869565
"2180","06037900507",2167,32,1.47669589293955
"2181","06037900508",905,65,7.18232044198895
"2182","06037900602",1613,24,1.48791072535648
"2183","06037900605",2206,0,0
"2184","06037900606",1115,0,0
"2185","06037900607",1149,0,0
"2186","06037900608",970,7,0.721649484536082
"2187","06037900609",1525,0,0
"2188","06037900701",1581,11,0.695762175838077
"2189","06037900703",1634,17,1.04039167686659
"2190","06037900704",1285,0,0
"2191","06037900705",2060,118,5.72815533980583
"2192","06037900803",2549,33,1.29462534327187
"2193","06037900804",945,16,1.69312169312169
"2194","06037900805",1397,16,1.14531138153185
"2195","06037900806",1671,0,0
"2196","06037900900",1302,16,1.22887864823349
"2197","06037901003",0,0,NA
"2198","06037901004",3544,93,2.62415349887133
"2199","06037901007",691,39,5.64399421128799
"2200","06037901008",985,86,8.73096446700508
"2201","06037901009",1839,117,6.36215334420881
"2202","06037901010",1852,17,0.91792656587473
"2203","06037901011",2004,170,8.48303393213573
"2204","06037901101",1797,47,2.61547022815804
"2205","06037901102",1762,19,1.0783200908059
"2206","06037901205",3469,156,4.49697319112136
"2207","06037901209",511,10,1.95694716242661
"2208","06037901210",586,30,5.11945392491468
"2209","06037901213",1264,152,12.0253164556962
"2210","06037910001",1369,0,0
"2211","06037910002",2005,27,1.34663341645885
"2212","06037910101",391,1,0.255754475703325
"2213","06037910201",1144,29,2.53496503496504
"2214","06037910202",1697,245,14.4372421921037
"2215","06037910205",410,19,4.63414634146341
"2216","06037910206",968,49,5.06198347107438
"2217","06037910207",1605,97,6.04361370716511
"2218","06037910208",1773,26,1.46644106034969
"2219","06037910209",1261,50,3.96510705789056
"2220","06037910210",2061,123,5.96797671033479
"2221","06037910301",1394,154,11.0473457675753
"2222","06037910302",1895,197,10.3957783641161
"2223","06037910401",2144,19,0.886194029850746
"2224","06037910402",837,14,1.6726403823178
"2225","06037910403",628,0,0
"2226","06037910404",953,7,0.734522560335782
"2227","06037910501",1833,0,0
"2228","06037910502",1087,0,0
"2229","06037910504",1193,0,0
"2230","06037910505",688,2,0.290697674418605
"2231","06037910601",1501,9,0.599600266489007
"2232","06037910602",1258,0,0
"2233","06037910603",1888,38,2.01271186440678
"2234","06037910605",1116,16,1.4336917562724
"2235","06037910606",672,12,1.78571428571429
"2236","06037910705",2561,76,2.96759078484967
"2237","06037910706",1352,15,1.1094674556213
"2238","06037910707",1362,7,0.513950073421439
"2239","06037910709",447,34,7.60626398210291
"2240","06037910711",2088,12,0.574712643678161
"2241","06037910712",670,43,6.41791044776119
"2242","06037910713",1260,16,1.26984126984127
"2243","06037910714",847,15,1.77095631641086
"2244","06037910715",1745,0,0
"2245","06037910716",1612,63,3.90818858560794
"2246","06037910804",1037,81,7.81099324975892
"2247","06037910805",1443,130,9.00900900900901
"2248","06037910807",1808,210,11.6150442477876
"2249","06037910808",1137,58,5.10114335971856
"2250","06037910809",687,248,36.098981077147
"2251","06037910810",824,117,14.1990291262136
"2252","06037910811",93,37,39.7849462365591
"2253","06037910812",151,12,7.94701986754967
"2254","06037910813",1200,147,12.25
"2255","06037911001",1532,51,3.3289817232376
"2256","06037920011",42,3,7.14285714285714
"2257","06037920012",470,42,8.93617021276596
"2258","06037920013",1320,155,11.7424242424242
"2259","06037920015",1895,329,17.3614775725594
"2260","06037920016",1525,316,20.7213114754098
"2261","06037920017",1394,14,1.00430416068867
"2262","06037920018",780,39,5
"2263","06037920020",2147,232,10.8057755006986
"2264","06037920023",729,18,2.46913580246914
"2265","06037920026",89,16,17.9775280898876
"2266","06037920028",1753,82,4.67769537934969
"2267","06037920029",1221,9,0.737100737100737
"2268","06037920030",1925,110,5.71428571428571
"2269","06037920031",2519,90,3.57284636760619
"2270","06037920032",780,170,21.7948717948718
"2271","06037920033",200,0,0
"2272","06037920034",1145,70,6.11353711790393
"2273","06037920035",2223,120,5.39811066126856
"2274","06037920036",955,34,3.56020942408377
"2275","06037920037",2197,0,0
"2276","06037920038",1602,0,0
"2277","06037920039",598,72,12.0401337792642
"2278","06037920040",939,71,7.56123535676251
"2279","06037920041",922,15,1.62689804772234
"2280","06037920042",2778,137,4.93160547156228
"2281","06037920043",1690,241,14.2603550295858
"2282","06037920044",924,142,15.3679653679654
"2283","06037920045",1469,107,7.28386657590197
"2284","06037920102",1884,200,10.6157112526539
"2285","06037920104",887,135,15.2198421645998
"2286","06037920106",847,35,4.13223140495868
"2287","06037920107",1107,221,19.9638663053297
"2288","06037920108",1290,90,6.97674418604651
"2289","06037920109",1466,192,13.0968622100955
"2290","06037920110",1582,302,19.0897597977244
"2291","06037920111",1041,115,11.0470701248799
"2292","06037920112",1584,135,8.52272727272727
"2293","06037920114",2336,167,7.14897260273973
"2294","06037920115",1304,235,18.021472392638
"2295","06037920116",1583,221,13.9608338597599
"2296","06037920118",1829,233,12.7392017495899
"2297","06037920119",502,68,13.5458167330677
"2298","06037920200",0,0,NA
"2299","06037920303",513,124,24.1715399610136
"2300","06037920312",1899,193,10.1632438125329
"2301","06037920313",1824,117,6.41447368421053
"2302","06037920314",941,175,18.5972369819341
"2303","06037920322",1101,62,5.63124432334242
"2304","06037920326",2393,232,9.69494358545758
"2305","06037920328",763,147,19.2660550458716
"2306","06037920329",2171,160,7.36987563334869
"2307","06037920330",2342,280,11.9555935098207
"2308","06037920331",1514,47,3.10435931307794
"2309","06037920332",669,49,7.32436472346786
"2310","06037920334",2281,224,9.82025427444103
"2311","06037920336",1641,23,1.40158439975625
"2312","06037920337",1864,28,1.50214592274678
"2313","06037920338",1762,580,32.9171396140749
"2314","06037920339",2235,616,27.5615212527964
"2315","06037930101",79,20,25.3164556962025
"2316","06037930200",165,17,10.3030303030303
"2317","06037930301",251,2,0.796812749003984
"2318","06037980001",0,0,NA
"2319","06037980002",0,0,NA
"2320","06037980003",0,0,NA
"2321","06037980004",15,0,0
"2322","06037980005",0,0,NA
"2323","06037980006",0,0,NA
"2324","06037980007",0,0,NA
"2325","06037980008",57,0,0
"2326","06037980009",0,0,NA
"2327","06037980010",58,0,0
"2328","06037980013",0,0,NA
"2329","06037980014",34,0,0
"2330","06037980015",101,0,0
"2331","06037980018",0,0,NA
"2332","06037980019",62,12,19.3548387096774
"2333","06037980020",0,0,NA
"2334","06037980021",0,0,NA
"2335","06037980022",0,0,NA
"2336","06037980023",0,0,NA
"2337","06037980024",52,35,67.3076923076923
"2338","06037980025",0,0,NA
"2339","06037980026",23,0,0
"2340","06037980028",0,0,NA
"2341","06037980030",0,0,NA
"2342","06037980031",25,0,0
"2343","06037980033",0,0,NA
"2344","06037990100",0,0,NA
"2345","06037990200",0,0,NA
"2346","06037990300",0,0,NA
